<?xml version="1.0" encoding="UTF-8"?>
<wcs:Capabilities updateSequence="20110615T173000Z" version="2.0.0"
    xmlns:wcs="http://www.opengis.net/wcs/2.0"
    xmlns:ows="http://www.opengis.net/ows/2.0"
    xmlns:ogc="http://www.opengis.net/ogc"
    xmlns:xsi="http://www.w3.org/2001/XMLSchema-instance"
    xmlns:xlink="http://www.w3.org/1999/xlink"
    xmlns:gml="http://www.opengis.net/gml/3.2"
    xmlns:gmlcov="http://www.opengis.net/gmlcov/1.0"
    xmlns:swe="http://www.opengis.net/swe/2.0"
    xsi:schemaLocation="http://www.opengis.net/wcs/2.0 wcs/2.0/wcsAll.xsd">
    <ows:ServiceIdentification>
        <ows:Title>Title</ows:Title>
        <ows:Abstract>Abstract</ows:Abstract>
        <ows:Keywords>
            <ows:Keyword>EO-WCS</ows:Keyword>
            <ows:Keyword>WCS 2.0</ows:Keyword>
            <ows:Keyword>WCS</ows:Keyword>
            <ows:Keyword>Keyword</ows:Keyword>
        </ows:Keywords>
        <ows:ServiceType codeSpace="OGC">OGC WCS</ows:ServiceType>
        <ows:ServiceTypeVersion>2.0.0</ows:ServiceTypeVersion>
        <ows:Profile>http://www.opengis.net/spec/WCS/2.0/conf/core</ows:Profile>
        <ows:Profile>http://www.opengis.net/spec/WCS_protocol-binding_get-kvp/1.0/conf/get-kvp</ows:Profile>
        <ows:Profile>http://www.opengis.net/spec/WCS_protocol-binding_post-xml/1.0/conf/post-xml</ows:Profile>
        <ows:Profile>http://www.opengis.net/spec/GMLCOV/1.0/conf/gml-coverage</ows:Profile>
        <ows:Profile>http://www.opengis.net/spec/GMLCOV/1.1/conf/gml-coverage</ows:Profile>
        <ows:Profile>http://www.opengis.net/spec/GMLCOV/1.1/conf/multipart</ows:Profile>
        <ows:Profile>http://www.opengis.net/spec/GMLCOV/1.1/conf/special-format</ows:Profile>
        <ows:Profile>http://www.opengis.net/spec/WCS_coverage-encoding_geotiff/1.0/conf/baseline</ows:Profile>
        <ows:Profile>http://www.placeholder.com/EPSG</ows:Profile>
        <ows:Profile>http://www.placeholder.com/IMAGECRS</ows:Profile>
        <ows:Profile>http://www.placeholder.com/SCALING</ows:Profile>
        <ows:Profile>http://www.placeholder.com/INTERPOLATION</ows:Profile>
        <ows:Profile>http://www.placeholder.com/RANGESUBSET</ows:Profile>
    </ows:ServiceIdentification>

    <ows:OperationsMetadata>
        <ows:Operation name="GetCapabilities">
            <ows:DCP>
                <ows:HTTP>
                    <ows:Get xlink:href="http://www.someu.rl?" xlink:type="simple"/>
                    <ows:Post xlink:href="http://www.someu.rl?" xlink:type="simple">
                        <ows:Constraint name="PostEncoding">
                            <ows:AllowedValues>
                                <ows:Value>XML</ows:Value>
                            </ows:AllowedValues>
                        </ows:Constraint>
                    </ows:Post>
                </ows:HTTP>
            </ows:DCP>
        </ows:Operation>
        <ows:Operation name="DescribeCoverage">
            <ows:DCP>
                <ows:HTTP>
                    <ows:Get xlink:href="http://www.someu.rl?" xlink:type="simple"/>
                    <ows:Post xlink:href="http://www.someu.rl?" xlink:type="simple">
                        <ows:Constraint name="PostEncoding">
                            <ows:AllowedValues>
                                <ows:Value>XML</ows:Value>
                            </ows:AllowedValues>
                        </ows:Constraint>
                    </ows:Post>
                </ows:HTTP>
            </ows:DCP>
        </ows:Operation>
        <ows:Operation name="GetCoverage">
            <ows:DCP>
                <ows:HTTP>
                    <ows:Get xlink:href="http://www.someu.rl?" xlink:type="simple"/>
                    <ows:Post xlink:href="http://www.someu.rl?" xlink:type="simple">
                        <ows:Constraint name="PostEncoding">
                            <ows:AllowedValues>
                                <ows:Value>XML</ows:Value>
                            </ows:AllowedValues>
                        </ows:Constraint>
                    </ows:Post>
                </ows:HTTP>
            </ows:DCP>
        </ows:Operation>
        <ows:Operation name="DescribeEOCoverageSet">
            <ows:DCP>
                <ows:HTTP>
                    <ows:Get xlink:href="http://www.someu.rl?" xlink:type="simple"/>
                    <ows:Post xlink:href="http://www.someu.rl?" xlink:type="simple">
                        <ows:Constraint name="PostEncoding">
                            <ows:AllowedValues>
                                <ows:Value>XML</ows:Value>
                            </ows:AllowedValues>
                        </ows:Constraint>
                    </ows:Post>
                </ows:HTTP>
            </ows:DCP>
        </ows:Operation>
        <!-- CountDefault is used to limit the number of coverageDescriptions returned with DescribeEOCoverageSet operations by the server. -->
        <ows:Constraint name="CountDefault">
            <ows:NoValues/>
            <ows:DefaultValue>100</ows:DefaultValue>
        </ows:Constraint>
    </ows:OperationsMetadata>

    <wcs:ServiceMetadata>
        <wcs:formatsSupported>
            <wcs:formatSupported>application/gml+xml</wcs:formatSupported>
            <wcs:formatSupported>image/tiff</wcs:formatSupported>
        </wcs:formatsSupported>
    </wcs:ServiceMetadata>

    <wcs:Contents>
        <!-- CoverageSummary including mandatory elements only -->
        <wcs:CoverageSummary>
            <wcs:CoverageId>grey</wcs:CoverageId>
            <wcs:CoverageSubtype>RectifiedGridCoverage</wcs:CoverageSubtype>
        </wcs:CoverageSummary>
        <!-- CoverageSummary including also optional elements -->
        <wcs:CoverageSummary>
            <ows:WGS84BoundingBox>
                <ows:LowerCorner>-180 -90</ows:LowerCorner>
                <ows:UpperCorner>180 90</ows:UpperCorner>
            </ows:WGS84BoundingBox>
            <wcs:CoverageId>someCoverage</wcs:CoverageId>
            <wcs:CoverageSubtype>RectifiedDataset</wcs:CoverageSubtype>
            <ows:BoundingBox crs="http://www.opengis.net/def/crs/EPSG/0/3035" dimensions="2">
                <ows:LowerCorner>4742525 2665925</ows:LowerCorner>
                <ows:UpperCorner>4767525 2690925</ows:UpperCorner>
            </ows:BoundingBox>
        </wcs:CoverageSummary>
    </wcs:Contents>
</wcs:Capabilities>
