<?xml version="1.0" encoding="UTF-8"?>
<gmlcov:RectifiedGridCoverage
    xmlns:wcs="http://www.opengis.net/wcs/2.0"
    xmlns:ows="http://www.opengis.net/ows/2.0"
    xmlns:ogc="http://www.opengis.net/ogc"
    xmlns:xsi="http://www.w3.org/2001/XMLSchema-instance"
    xmlns:xlink="http://www.w3.org/1999/xlink"
    xmlns:gml="http://www.opengis.net/gml/3.2"
    xmlns:gmlcov="http://www.opengis.net/gmlcov/1.0"
    xmlns:swe="http://www.opengis.net/swe/2.0"
    xsi:schemaLocation="http://www.opengis.net/wcs/2.0 wcs/2.0/wcsAll.xsd"
    gml:id="grey">
    <gml:boundedBy>
        <gml:Envelope srsName="http://www.opengis.net/def/crs/EPSG/0/32611" axisLabels="x y" uomLabels="m m" srsDimension="2">
            <gml:lowerCorner>5 5</gml:lowerCorner>
            <gml:upperCorner>395 295</gml:upperCorner>
        </gml:Envelope>
    </gml:boundedBy>
    <gml:domainSet>
        <gml:RectifiedGrid dimension="2" gml:id="grid_grey">
            <gml:limits>
                <gml:GridEnvelope>
                    <gml:low>0 0</gml:low>
                    <gml:high>39 29</gml:high>
                </gml:GridEnvelope>
            </gml:limits>
            <gml:axisLabels>x y</gml:axisLabels>
            <gml:origin>
                <gml:Point gml:id="grid_origin_grey" srsName="http://www.opengis.net/def/crs/EPSG/0/32611">
                    <gml:pos>5.000000 5.000000</gml:pos>
                </gml:Point>
            </gml:origin>
            <gml:offsetVector srsName="http://www.opengis.net/def/crs/EPSG/0/32611">10.000000 0</gml:offsetVector>
            <gml:offsetVector srsName="http://www.opengis.net/def/crs/EPSG/0/32611">0 10.000000</gml:offsetVector>
        </gml:RectifiedGrid>
    </gml:domainSet>
    <gml:rangeSet>
        <gml:File>
            <gml:rangeParameters xlink:href="cid:grey.tif" xlink:role="http://www.opengis.net/spec/WCS_coverage-encoding_geotiff/1.0/" xlink:arcrole="fileReference"/>
            <gml:fileReference>cid:grey.tif</gml:fileReference>
            <gml:fileStructure/>
            <gml:mimeType>image/tiff</gml:mimeType>
        </gml:File>
    </gml:rangeSet>
    <gmlcov:rangeType>
        <swe:DataRecord>
            <swe:field name="grey">
                <swe:Quantity definition="http://www.opengis.net/def/property/OGC/0/Radiance">
                    <swe:description>Grey band</swe:description>
                    <swe:nilValues/>
                    <swe:uom code="W.m-2.sr-1.nm-1"/>
                    <swe:constraint>
                        <swe:AllowedValues>
                            <swe:interval>-32768 32767</swe:interval>
                        </swe:AllowedValues>
                    </swe:constraint>
                </swe:Quantity>
            </swe:field>
        </swe:DataRecord>
    </gmlcov:rangeType>
</gmlcov:RectifiedGridCoverage>
