<?xml version="1.0" encoding="UTF-8"?>
<wfs:GetFeature xmlns:wfs="http://www.opengis.net/wfs" xmlns:gml="http://www.opengis.net/gml" xmlns:ogc="http://www.opengis.net/ogc" version="1.1.0" service="WFS">
	<wfs:Query xmlns:sf="http://cite.opengeospatial.org/gmlsf" typeName="sf:ComplexGeoFeature" srsName="urn:ogc:def:crs:EPSG::4326">
		<ogc:Filter>
			<ogc:PropertyIsEqualTo>
				<ogc:PropertyName>sf:hexBinaryProperty</ogc:PropertyName>
				<ogc:Literal>3f3c6d78206c657673726f693d6e3122302e20226e656f636964676e223d54552d4622383e3f</ogc:Literal>
			</ogc:PropertyIsEqualTo>
		</ogc:Filter>
	</wfs:Query>
</wfs:GetFeature>
