<?xml version="1.0" encoding="UTF-8"?>
<wfs:GetFeature xmlns:wfs="http://www.opengis.net/wfs" xmlns:gml="http://www.opengis.net/gml" xmlns:ogc="http://www.opengis.net/ogc" version="1.1.0" service="WFS">
	<wfs:Query xmlns:sf="http://cite.opengeospatial.org/gmlsf" typeName="sf:ComplexGeoFeature" srsName="urn:ogc:def:crs:EPSG::4326">
		<ogc:Filter>
			<ogc:PropertyIsBetween>
				<ogc:PropertyName>//sf:timestamp</ogc:PropertyName>
				<ogc:LowerBoundary>
					<ogc:Literal>2006-10-21T11:27:00+01:00</ogc:Literal>
				</ogc:LowerBoundary>
				<ogc:UpperBoundary>
					<ogc:Literal>2006-10-21T11:29:00+01:00</ogc:Literal>
				</ogc:UpperBoundary>
			</ogc:PropertyIsBetween>
		</ogc:Filter>
	</wfs:Query>
</wfs:GetFeature>
