<?xml version="1.0" encoding="UTF-8"?>
<ctl:package xmlns:ctl="http://www.occamlab.com/ctl"
 xmlns:xsl="http://www.w3.org/1999/XSL/Transform"
 xmlns:zip="java:java.util.zip.ZipFile"
 xmlns:tns="http://www.opengis.net/sfs">

  <ctl:suite name="tns:sfs-suite">
    <ctl:title>SFS 1.1 Conformance Test Suite</ctl:title>
    <ctl:description>Verifies conformance to "OpenGIS Simple Features Specification For SQL, 
    Revision 1.1" (OGC 99-049). </ctl:description>
    <ctl:starting-test>tns:main</ctl:starting-test>
  </ctl:suite>

  <ctl:test name="tns:main">
    <ctl:assertion>The implementation satisfies all applicable test requirements.</ctl:assertion>
    <ctl:code>
  
      <xsl:variable name="form-data">
        <ctl:form width="800" height="600">
          <div id="input-form" xmlns="http://www.w3.org/1999/xhtml">
          
            <h2>SFS 1.1 Conformance Test Suite</h2>
            <p>
              Information about this test suite can be found <a href="../../../about/sfs/1.1/web/" target="_blank">here</a>.</p>
           
            
            <fieldset style="background:#ccffff">
              <legend style="font-family: sans-serif; color: #000099; background-color:#F0F8FF; border-style: solid;
                border-width: medium; padding:4px">Test logs</legend>
              <p>
                <label class="form-label" for="doc">
                  <h4 style="margin-bottom: 0.5em">Upload test logs (ZIP archive)</h4>
                </label>
                <input name="doc" size="96" type="file" />
              </p>
            </fieldset>
            <p>
              <input class="form-button" type="submit" value="Start"/>
              <input class="form-button" type="reset" value="Clear"/>
            </p>
          </div>
        </ctl:form>
      </xsl:variable>
      <xsl:variable name="file" select="$form-data//value[@key='doc']/ctl:file-entry" />
      <xsl:variable name="file-path" select="$file/@full-path" as="xs:string" />
      <xsl:variable name="zip-size" select="zip:size(zip:new($file-path))" as="xs:integer" />
      <xsl:choose>
        <xsl:when test="$zip-size > 0">
          <ctl:message>Test logs were received. You will be notified when the review is complete.</ctl:message>
        </xsl:when>
        <xsl:otherwise>
          <ctl:message>Test logs were not received. Please submit a non-empty ZIP archive.</ctl:message>
          <ctl:fail />
        </xsl:otherwise>
      </xsl:choose>
    </ctl:code>
  </ctl:test>

</ctl:package>