<?xml version="1.0" encoding="UTF-8"?>
<!-- test case id: wfs-1.1.0-GetFeatureWithLock-tc1.1 (2) -->
<wfs:Transaction service="WFS" version="1.1.0" 
  xmlns:wfs="http://www.opengis.net/wfs" 
  xmlns:ogc="http://www.opengis.net/ogc" 
  xmlns:gml="http://www.opengis.net/gml" 
  xmlns:sf="http://cite.opengeospatial.org/gmlsf">
    <wfs:Delete handle="del-1" typeName="sf:PrimitiveGeoFeature">
      <ogc:Filter>
			<ogc:PropertyIsEqualTo>
				<ogc:PropertyName>gml:name</ogc:PropertyName>
				<ogc:Literal>cite.gmlsf0-f503</ogc:Literal>
			</ogc:PropertyIsEqualTo>
	  </ogc:Filter>
    </wfs:Delete>
</wfs:Transaction>
