<?xml version="1.0" encoding="UTF-8"?>
<!-- test case id: wfs-1.1.0-GetFeatureWithLock-tc1.1 (0) -->
<wfs:Transaction service="WFS" version="1.1.0"
  xmlns:wfs="http://www.opengis.net/wfs"
  xmlns:gml="http://www.opengis.net/gml"
  xmlns:sf="http://cite.opengeospatial.org/gmlsf">
	<wfs:Insert handle="insert-1">
      <sf:PrimitiveGeoFeature gml:id="cite.gmlsf0-f503">
        <gml:name codeSpace="http://cite.opengeospatial.org/gmlsf">cite.gmlsf0-f503</gml:name>
        <sf:curveProperty>
          <gml:LineString srsName="urn:ogc:def:crs:EPSG::4326">
            <gml:posList>45.608284 17.034142 47.286873 12.7836 47.849854 13.764992</gml:posList>
          </gml:LineString>
        </sf:curveProperty>
        <sf:intProperty>-72</sf:intProperty>
        <sf:measurand>76.80</sf:measurand>
        <sf:dateTimeProperty>2006-10-23T11:55:12Z</sf:dateTimeProperty>
        <sf:decimalProperty>12.10</sf:decimalProperty>
      </sf:PrimitiveGeoFeature>
    </wfs:Insert>
</wfs:Transaction>
