<?xml version="1.0" encoding="UTF-8"?>
<wcseo:DescribeEOCoverageSet
    xmlns:wcseo="http://www.opengis.net/wcseo/1.0"
    xmlns:wcs="http://www.opengis.net/wcs/2.0"
    xmlns:xsi="http://www.w3.org/2001/XMLSchema-instance"
    xsi:schemaLocation="http://www.opengis.net/wcseo/1.0 wcseo/1.0/wcsEOAll.xsd"
    service="WCS" version="2.0.0" count="100">
    <wcseo:eoId>someDatasetSeries</wcseo:eoId>
    <wcseo:containment>OVERLAPS</wcseo:containment>
    <wcseo:Sections>
        <wcseo:Section>All</wcseo:Section>
    </wcseo:Sections>
    <wcs:DimensionTrim>
        <wcs:Dimension>Long</wcs:Dimension>
        <wcs:TrimLow>16</wcs:TrimLow>
        <wcs:TrimHigh>18</wcs:TrimHigh>
    </wcs:DimensionTrim>
    <wcs:DimensionTrim>
        <wcs:Dimension>Lat</wcs:Dimension>
        <wcs:TrimLow>46</wcs:TrimLow>
        <wcs:TrimHigh>48</wcs:TrimHigh>
    </wcs:DimensionTrim>
    <wcs:DimensionTrim>
        <wcs:Dimension>phenomenonTime</wcs:Dimension>
        <wcs:TrimLow>2011-01-18T22:21:52Z</wcs:TrimLow>
        <wcs:TrimHigh>2011-01-18T22:22:52Z</wcs:TrimHigh>
    </wcs:DimensionTrim>
</wcseo:DescribeEOCoverageSet>
