<ctl:suite xmlns:ctl="http://www.occamlab.com/ctl" xmlns:xhtml="http://www.w3.org/1999/xhtml" xmlns:wcs2="http://www.opengis.net/wcs/2.0" name="wcs2:suite">
	<ctl:title>WCS 2.0 Test Suite</ctl:title>
	<ctl:description>Validates WCS 2.0 Implementations</ctl:description>
	<ctl:link>docs/wcs/2.0/</ctl:link>
	<ctl:starting-test>wcs2:main</ctl:starting-test>
	<ctl:form>
		<h1>Compliance Test for Web Coverage Service (WCS) 2.0 Core</h1>
		<p>This validation service checks a server implementation for conformance to the Web Coverage Service (WCS) 2.0 specification.</p>
		<p>
      Complete information about the test suite and requirements for the implementation server can be found <a href="../../../about/wcs/2.0.1/web/" target="_blank">here</a>.
      </p>
    	<p><b>Enter a URL of a WCS 2.0 Service endpoint.</b> The URL should be specified without any query parameters. For example:</p>
		<pre>http://kahlua.eecs.jacobs-university.de:8080/wcs-conformance-testing</pre>
		<p></p>
		<xhtml:input type="text" name="url" size="200"/>
		<xhtml:p/>
		<xhtml:input type="submit" value="OK"/>
	</ctl:form>
</ctl:suite>
