<?xml version="1.0" encoding="UTF-8"?>
<om:OM_Observation
	gml:id="obsTest4"
	xmlns:swe="http://www.opengis.net/swe/2.0"
	xmlns:om="http://www.opengis.net/om/2.0"
	xmlns:xsi="http://www.w3.org/2001/XMLSchema-instance"
	xmlns:xlink="http://www.w3.org/1999/xlink"
	xmlns:gml="http://www.opengis.net/gml/3.2"
	xsi:schemaLocation="http://www.opengis.net/om/2.0 http://schemas.opengis.net/om/2.0/observation.xsd http://www.opengis.net/swe/2.0 http://schemas.opengis.net/sweCommon/2.0/swe.xsd">
	<gml:description>Observation test instance - soft-typed result using swe:Data
		element</gml:description>
	<gml:name>Observation test 4</gml:name>
	<om:phenomenonTime>
		<gml:TimeInstant
			gml:id="ot1t">
			<gml:timePosition>2005-01-11T17:22:25.00</gml:timePosition>
		</gml:TimeInstant>
	</om:phenomenonTime>
	<om:resultTime
		xlink:href="#ot1t"/>
	<om:procedure
		xlink:href="http://www.example.org/register/party/abc99"/>
	<om:observedProperty
		xlink:href="http://sweet.jpl.nasa.gov/2.0/biol.owl#Species"/>
	<om:featureOfInterest
		xlink:href="http://my.example.org/feature?type=station%26name=ot1s"/>
	<om:result>
		<!-- This is the soft-typed Observation feature. In this example, the value of the result is a swe:Category element, substituting for anyType-->
		<swe:Category
			gml:id="C8274527">
			<swe:codeSpace
				xlink:href="http://en.wikipedia.org/wiki/List_of_fruit"/>
			<swe:value>banana</swe:value>
		</swe:Category>
	</om:result>
</om:OM_Observation>
