<?xml version="1.0" encoding="UTF-8"?>
<om:OM_Observation
	gml:id="obsTest1"
	xmlns:om="http://www.opengis.net/om/2.0"
	xmlns:xsi="http://www.w3.org/2001/XMLSchema-instance"
	xmlns:xlink="http://www.w3.org/1999/xlink"
	xmlns:gml="http://www.opengis.net/gml/3.2"
	xsi:schemaLocation="http://www.opengis.net/om/2.0 http://schemas.opengis.net/om/2.0/observation.xsd">
	<gml:description>Observation test instance: fruit mass</gml:description>
	<gml:name>Observation test 1</gml:name>
	<om:type xlink:href="http://www.opengis.net/def/observationType/OGC-OM/2.0/OM_Measurement"/>
	<om:phenomenonTime>
		<gml:TimeInstant
			gml:id="ot1t">
			<gml:timePosition>2005-01-11T16:22:25.00</gml:timePosition>
		</gml:TimeInstant>
	</om:phenomenonTime>
	<om:resultTime xlink:href="#ot1t"/>
	<om:procedure
		xlink:href="http://www.example.org/register/process/scales34.xml"/>
	<!-- a notional URL identifying a  procedure ... -->
	<om:parameter>
		<om:NamedValue>
			<om:name xlink:href="http://sweet.jpl.nasa.gov/ontology/property.owl#Temperature"/>
			<om:value xsi:type="gml:MeasureType" uom="Cel">22.3</om:value>
		</om:NamedValue>
	</om:parameter>
	<!-- environmental conditions during measurement -->
	<om:observedProperty
		xlink:href="http://sweet.jpl.nasa.gov/2.0/phys.owl#Mass"/>
	<!-- a notional URN identifying the observed property -->
	<om:featureOfInterest
		xlink:href="http://wfs.example.org?request=getFeature&amp;featureid=fruit37f "/>
	<!-- a notional WFS call identifying the object regarding which the observation was made -->
	<om:result
		xsi:type="gml:MeasureType"
		uom="kg">0.28</om:result>
	<!-- The XML Schema type of the result is indicated using the value of the xsi:type attribute -->
</om:OM_Observation>
