<?xml version="1.0" encoding="UTF-8"?>
<om:OM_Observation
	gml:id="specSeries3"
	xmlns:cv="http://www.opengis.net/cv/0.2/gml32"
	xmlns:swe="http://www.opengis.net/swe/2.0"
	xmlns:om="http://www.opengis.net/om/2.0"
	xmlns:xsi="http://www.w3.org/2001/XMLSchema-instance"
	xmlns:xlink="http://www.w3.org/1999/xlink"
	xmlns:gml="http://www.opengis.net/gml/3.2"
	xsi:schemaLocation="http://www.opengis.net/om/2.0 http://schemas.opengis.net/om/2.0/observation.xsd  http://www.opengis.net/cv/0.2/gml32 http://bp.schemas.opengis.net/06-188r2/cv/0.2.2_gml32/cv.xsd">
	<gml:description>Observation test instance - Multiple compounding axes A Landsat TM spectrum is
		observed on 4 stations at 5 time instants</gml:description>
	<gml:name>Spectrum Series</gml:name>
	<om:type
		xlink:href="http://www.opengis.net/def/observationType/OGC-OM/2.0/OM_DiscreteCoverageObservation"/>
	<om:phenomenonTime>
		<gml:TimePeriod
			gml:id="tpss1">
			<gml:beginPosition>2005-06-17</gml:beginPosition>
			<gml:endPosition>2005-06-21</gml:endPosition>
		</gml:TimePeriod>
	</om:phenomenonTime>
	<om:resultTime>
		<gml:TimeInstant
			gml:id="etpss1">
			<gml:timePosition>2005-06-21</gml:timePosition>
		</gml:TimeInstant>
	</om:resultTime>
	<om:procedure
		xlink:href="urn:example:Landsat7"/>
	<om:observedProperty
		xlink:href="urn:example:DiscreteSpectrumTM"/>
	<om:featureOfInterest
		xlink:href="http://wfs.example.org?request=getFeature&#38;featureid=stc1"/>
	<om:result>
		<cv:CV_DiscreteCoverage
			gml:id="DC87534">
			<cv:domainExtent
				xlink:href="http://wfs.example.org?request=getFeature&#38;featureid=stc1#xpointer(./boundedBy)"/>
			<cv:rangeType
				xlink:href="tm7.xml#tm7"/>
			<cv:element>
				<cv:CV_GeometryValuePair>
					<cv:geometry>
						<cv:CV_DomainObject>
							<cv:spatialElement
								xlink:href="./foi.xml#st1"/>
							<cv:temporalElement
								xlink:href="./toi.xml#ti1"/>
						</cv:CV_DomainObject>
					</cv:geometry>
					<cv:value>
						<swe:Record>
							<swe:field>
								<swe:Item>9</swe:Item>
							</swe:field>
							<swe:field>
								<swe:Item>8</swe:Item>
							</swe:field>
							<swe:field>
								<swe:Item>7</swe:Item>
							</swe:field>
							<swe:field>
								<swe:Item>6</swe:Item>
							</swe:field>
							<swe:field>
								<swe:Item>5</swe:Item>
							</swe:field>
							<swe:field>
								<swe:Item>4</swe:Item>
							</swe:field>
							<swe:field>
								<swe:Item>3</swe:Item>
							</swe:field>
						</swe:Record>
					</cv:value>
				</cv:CV_GeometryValuePair>
			</cv:element>
			<cv:element>
				<cv:CV_GeometryValuePair>
					<cv:geometry>
						<cv:CV_DomainObject>
							<cv:spatialElement
								xlink:href="./foi.xml#st3"/>
							<cv:temporalElement
								xlink:href="./toi.xml#ti1"/>
						</cv:CV_DomainObject>
					</cv:geometry>
					<cv:value>
						<swe:Record>
							<swe:field>
								<swe:Item>1</swe:Item>
							</swe:field>
							<swe:field>
								<swe:Item>2</swe:Item>
							</swe:field>
							<swe:field>
								<swe:Item>3</swe:Item>
							</swe:field>
							<swe:field>
								<swe:Item>4</swe:Item>
							</swe:field>
							<swe:field>
								<swe:Item>5</swe:Item>
							</swe:field>
							<swe:field>
								<swe:Item>6</swe:Item>
							</swe:field>
							<swe:field>
								<swe:Item>7</swe:Item>
							</swe:field>
						</swe:Record>
					</cv:value>
				</cv:CV_GeometryValuePair>
			</cv:element>
			<cv:element>
				<cv:CV_GeometryValuePair>
					<cv:geometry>
						<cv:CV_DomainObject>
							<cv:spatialElement
								xlink:href="./foi.xml#st2"/>
							<cv:temporalElement
								xlink:href="./toi.xml#ti1"/>
						</cv:CV_DomainObject>
					</cv:geometry>
					<cv:value>
						<swe:Record>
							<swe:field>
								<swe:Item>1</swe:Item>
							</swe:field>
							<swe:field>
								<swe:Item>9</swe:Item>
							</swe:field>
							<swe:field>
								<swe:Item>2</swe:Item>
							</swe:field>
							<swe:field>
								<swe:Item>8</swe:Item>
							</swe:field>
							<swe:field>
								<swe:Item>3</swe:Item>
							</swe:field>
							<swe:field>
								<swe:Item>7</swe:Item>
							</swe:field>
							<swe:field>
								<swe:Item>4</swe:Item>
							</swe:field>
						</swe:Record>
					</cv:value>
				</cv:CV_GeometryValuePair>
			</cv:element>
			<cv:element>
				<cv:CV_GeometryValuePair>
					<cv:geometry>
						<cv:CV_DomainObject>
							<cv:spatialElement
								xlink:href="./foi.xml#st4"/>
							<cv:temporalElement
								xlink:href="./toi.xml#ti1"/>
						</cv:CV_DomainObject>
					</cv:geometry>
					<cv:value>
						<swe:Record>
							<swe:field>
								<swe:Item>5</swe:Item>
							</swe:field>
							<swe:field>
								<swe:Item>6</swe:Item>
							</swe:field>
							<swe:field>
								<swe:Item>3</swe:Item>
							</swe:field>
							<swe:field>
								<swe:Item>7</swe:Item>
							</swe:field>
							<swe:field>
								<swe:Item>2</swe:Item>
							</swe:field>
							<swe:field>
								<swe:Item>8</swe:Item>
							</swe:field>
							<swe:field>
								<swe:Item>1</swe:Item>
							</swe:field>
						</swe:Record>
					</cv:value>
				</cv:CV_GeometryValuePair>
			</cv:element>
			<cv:element>
				<cv:CV_GeometryValuePair>
					<cv:geometry>
						<cv:CV_DomainObject>
							<cv:spatialElement
								xlink:href="./foi.xml#st1"/>
							<cv:temporalElement
								xlink:href="./toi.xml#ti3"/>
						</cv:CV_DomainObject>
					</cv:geometry>
					<cv:value>
						<swe:Record>
							<swe:field>
								<swe:Item>9</swe:Item>
							</swe:field>
							<swe:field>
								<swe:Item>8</swe:Item>
							</swe:field>
							<swe:field>
								<swe:Item>7</swe:Item>
							</swe:field>
							<swe:field>
								<swe:Item>6</swe:Item>
							</swe:field>
							<swe:field>
								<swe:Item>5</swe:Item>
							</swe:field>
							<swe:field>
								<swe:Item>4</swe:Item>
							</swe:field>
							<swe:field>
								<swe:Item>3</swe:Item>
							</swe:field>
						</swe:Record>
					</cv:value>
				</cv:CV_GeometryValuePair>
			</cv:element>
			<cv:element>
				<cv:CV_GeometryValuePair>
					<cv:geometry>
						<cv:CV_DomainObject>
							<cv:spatialElement
								xlink:href="./foi.xml#st3"/>
							<cv:temporalElement
								xlink:href="./toi.xml#ti3"/>
						</cv:CV_DomainObject>
					</cv:geometry>
					<cv:value>
						<swe:Record>
							<swe:field>
								<swe:Item>1</swe:Item>
							</swe:field>
							<swe:field>
								<swe:Item>2</swe:Item>
							</swe:field>
							<swe:field>
								<swe:Item>3</swe:Item>
							</swe:field>
							<swe:field>
								<swe:Item>4</swe:Item>
							</swe:field>
							<swe:field>
								<swe:Item>5</swe:Item>
							</swe:field>
							<swe:field>
								<swe:Item>6</swe:Item>
							</swe:field>
							<swe:field>
								<swe:Item>7</swe:Item>
							</swe:field>
						</swe:Record>
					</cv:value>
				</cv:CV_GeometryValuePair>
			</cv:element>
			<cv:element>
				<cv:CV_GeometryValuePair>
					<cv:geometry>
						<cv:CV_DomainObject>
							<cv:spatialElement
								xlink:href="./foi.xml#st2"/>
							<cv:temporalElement
								xlink:href="./toi.xml#ti3"/>
						</cv:CV_DomainObject>
					</cv:geometry>
					<cv:value>
						<swe:Record>
							<swe:field>
								<swe:Item>1</swe:Item>
							</swe:field>
							<swe:field>
								<swe:Item>9</swe:Item>
							</swe:field>
							<swe:field>
								<swe:Item>2</swe:Item>
							</swe:field>
							<swe:field>
								<swe:Item>8</swe:Item>
							</swe:field>
							<swe:field>
								<swe:Item>3</swe:Item>
							</swe:field>
							<swe:field>
								<swe:Item>7</swe:Item>
							</swe:field>
							<swe:field>
								<swe:Item>4</swe:Item>
							</swe:field>
						</swe:Record>
					</cv:value>
				</cv:CV_GeometryValuePair>
			</cv:element>
			<cv:element>
				<cv:CV_GeometryValuePair>
					<cv:geometry>
						<cv:CV_DomainObject>
							<cv:spatialElement
								xlink:href="./foi.xml#st4"/>
							<cv:temporalElement
								xlink:href="./toi.xml#ti3"/>
						</cv:CV_DomainObject>
					</cv:geometry>
					<cv:value>
						<swe:Record>
							<swe:field>
								<swe:Item>5</swe:Item>
							</swe:field>
							<swe:field>
								<swe:Item>6</swe:Item>
							</swe:field>
							<swe:field>
								<swe:Item>3</swe:Item>
							</swe:field>
							<swe:field>
								<swe:Item>7</swe:Item>
							</swe:field>
							<swe:field>
								<swe:Item>2</swe:Item>
							</swe:field>
							<swe:field>
								<swe:Item>8</swe:Item>
							</swe:field>
							<swe:field>
								<swe:Item>1</swe:Item>
							</swe:field>
						</swe:Record>
					</cv:value>
				</cv:CV_GeometryValuePair>
			</cv:element>
			<cv:element>
				<cv:CV_GeometryValuePair>
					<cv:geometry>
						<cv:CV_DomainObject>
							<cv:spatialElement
								xlink:href="./foi.xml#st1"/>
							<cv:temporalElement
								xlink:href="./toi.xml#ti5"/>
						</cv:CV_DomainObject>
					</cv:geometry>
					<cv:value>
						<swe:Record>
							<swe:field>
								<swe:Item>9</swe:Item>
							</swe:field>
							<swe:field>
								<swe:Item>8</swe:Item>
							</swe:field>
							<swe:field>
								<swe:Item>7</swe:Item>
							</swe:field>
							<swe:field>
								<swe:Item>6</swe:Item>
							</swe:field>
							<swe:field>
								<swe:Item>5</swe:Item>
							</swe:field>
							<swe:field>
								<swe:Item>4</swe:Item>
							</swe:field>
							<swe:field>
								<swe:Item>3</swe:Item>
							</swe:field>
						</swe:Record>
					</cv:value>
				</cv:CV_GeometryValuePair>
			</cv:element>
			<cv:element>
				<cv:CV_GeometryValuePair>
					<cv:geometry>
						<cv:CV_DomainObject>
							<cv:spatialElement
								xlink:href="./foi.xml#st3"/>
							<cv:temporalElement
								xlink:href="./toi.xml#ti5"/>
						</cv:CV_DomainObject>
					</cv:geometry>
					<cv:value>
						<swe:Record>
							<swe:field>
								<swe:Item>1</swe:Item>
							</swe:field>
							<swe:field>
								<swe:Item>2</swe:Item>
							</swe:field>
							<swe:field>
								<swe:Item>3</swe:Item>
							</swe:field>
							<swe:field>
								<swe:Item>4</swe:Item>
							</swe:field>
							<swe:field>
								<swe:Item>5</swe:Item>
							</swe:field>
							<swe:field>
								<swe:Item>6</swe:Item>
							</swe:field>
							<swe:field>
								<swe:Item>7</swe:Item>
							</swe:field>
						</swe:Record>
					</cv:value>
				</cv:CV_GeometryValuePair>
			</cv:element>
			<cv:element>
				<cv:CV_GeometryValuePair>
					<cv:geometry>
						<cv:CV_DomainObject>
							<cv:spatialElement
								xlink:href="./foi.xml#st2"/>
							<cv:temporalElement
								xlink:href="./toi.xml#ti5"/>
						</cv:CV_DomainObject>
					</cv:geometry>
					<cv:value>
						<swe:Record>
							<swe:field>
								<swe:Item>1</swe:Item>
							</swe:field>
							<swe:field>
								<swe:Item>9</swe:Item>
							</swe:field>
							<swe:field>
								<swe:Item>2</swe:Item>
							</swe:field>
							<swe:field>
								<swe:Item>8</swe:Item>
							</swe:field>
							<swe:field>
								<swe:Item>3</swe:Item>
							</swe:field>
							<swe:field>
								<swe:Item>7</swe:Item>
							</swe:field>
							<swe:field>
								<swe:Item>4</swe:Item>
							</swe:field>
						</swe:Record>
					</cv:value>
				</cv:CV_GeometryValuePair>
			</cv:element>
			<cv:element>
				<cv:CV_GeometryValuePair>
					<cv:geometry>
						<cv:CV_DomainObject>
							<cv:spatialElement
								xlink:href="./foi.xml#st4"/>
							<cv:temporalElement
								xlink:href="./toi.xml#ti5"/>
						</cv:CV_DomainObject>
					</cv:geometry>
					<cv:value>
						<swe:Record>
							<swe:field>
								<swe:Item>5</swe:Item>
							</swe:field>
							<swe:field>
								<swe:Item>6</swe:Item>
							</swe:field>
							<swe:field>
								<swe:Item>3</swe:Item>
							</swe:field>
							<swe:field>
								<swe:Item>7</swe:Item>
							</swe:field>
							<swe:field>
								<swe:Item>2</swe:Item>
							</swe:field>
							<swe:field>
								<swe:Item>8</swe:Item>
							</swe:field>
							<swe:field>
								<swe:Item>1</swe:Item>
							</swe:field>
						</swe:Record>
					</cv:value>
				</cv:CV_GeometryValuePair>
			</cv:element>
		</cv:CV_DiscreteCoverage>
	</om:result>
</om:OM_Observation>
