<?xml version="1.0" encoding="UTF-8"?>
<om:OM_Observation
	gml:id="shapeTest2"
	xmlns:om="http://www.opengis.net/om/2.0"
	xmlns:xsi="http://www.w3.org/2001/XMLSchema-instance"
	xmlns:xlink="http://www.w3.org/1999/xlink"
	xmlns:gml="http://www.opengis.net/gml/3.2"
	xsi:schemaLocation="http://www.opengis.net/om/2.0 http://schemas.opengis.net/om/2.0/observation.xsd">
	<gml:description>Observation test instance</gml:description>
	<gml:name>Shape observation test</gml:name>
	<om:type
		xlink:href="http://www.opengis.net/def/observationType/OGC-OM/2.0/OM_TemporalObservation"/>
	<om:phenomenonTime>
		<gml:TimeInstant
			gml:id="ot2t">
			<gml:timePosition>2005-01-11T17:22:25.00</gml:timePosition>
		</gml:TimeInstant>
	</om:phenomenonTime>
	<om:resultTime>
		<gml:TimeInstant
			gml:id="ot2ts">
			<gml:timePosition>2005-01-12T09:25:00.00</gml:timePosition>
		</gml:TimeInstant>
	</om:resultTime>
	<om:procedure
		xlink:href=" http://www.example.org/register/process/stopwatch"/>
	<om:observedProperty
		xlink:href="http://www.w3.org/2006/time#DurationDescription"/>
	<om:featureOfInterest
		xlink:title="World Championship Cycling Women's 500 m sprint"/>
	<om:result
		xsi:type="gml:TimePrimitivePropertyType">
		<gml:TimePeriod
			gml:id="tm876">
			<gml:beginPosition>2010-03-24</gml:beginPosition>
			<gml:endPosition
				indeterminatePosition="after"/>
			<gml:duration>PT33.381S</gml:duration>
		</gml:TimePeriod>
	</om:result>
</om:OM_Observation>
