<?xml version="1.0" encoding="UTF-8"?>
<om:OM_Observation
	gml:id="timeSeries2"
	xmlns:cv="http://www.opengis.net/cv/0.2/gml32"
	xmlns:swe="http://www.opengis.net/swe/1.0/gml32"
	xmlns:om="http://www.opengis.net/om/2.0"
	xmlns:xsi="http://www.w3.org/2001/XMLSchema-instance"
	xmlns:xlink="http://www.w3.org/1999/xlink"
	xmlns:gml="http://www.opengis.net/gml/3.2"
	xsi:schemaLocation="http://www.opengis.net/om/2.0 http://schemas.opengis.net/om/2.0/observation.xsd http://www.opengis.net/cv/0.2/gml32 http://bp.schemas.opengis.net/06-188r2/cv/0.2.2_gml32/cv.xsd">
	<gml:description>Observation test instance - time series where domain objects are explicit time
		periods</gml:description>
	<gml:name>Time series 2</gml:name>
	<om:type
		xlink:href="http://www.opengis.net/def/observationType/OGC-OM/2.0/OM_DiscreteCoverageObservation"/>
	<om:phenomenonTime>
		<gml:TimePeriod
			gml:id="ts2t">
			<gml:beginPosition>2005-06-17T09:00:00.00+08:00</gml:beginPosition>
			<gml:endPosition>2005-06-22T09:00:00.00+08:00</gml:endPosition>
		</gml:TimePeriod>
	</om:phenomenonTime>
	<om:resultTime>
		<gml:TimeInstant
			gml:id="ets2t">
			<gml:timePosition>2005-06-22T09:00:00.00+08:00</gml:timePosition>
		</gml:TimeInstant>
	</om:resultTime>
	<om:procedure
		xlink:href="urn:example:rg23"/>
	<om:observedProperty
		xlink:href="http://sweet.jpl.nasa.gov/2.0/atmoPrecip.owl#Precipitation"/>
	<om:featureOfInterest
		xlink:href="http://my.example.org/feature?type=station%26name=st1"/>
	<om:result>
		<cv:CV_DiscreteCoverage
			gml:id="DC252352">
			<cv:domainExtent
				xlink:href="http://my.example.org/feature?type=station%26name=st1#xpointer(./boundedBy)"/>
			<cv:rangeType
				xlink:href="http://sweet.jpl.nasa.gov/2.0/atmoPrecip.owl#Precipitation"/>
			<cv:element>
				<cv:CV_GeometryValuePair>
					<cv:geometry>
						<cv:CV_DomainObject>
							<cv:temporalElement>
								<gml:TimePeriod
									gml:id="tp1">
									<gml:beginPosition>2005-06-17T09:00:00.00+08:00</gml:beginPosition>
									<gml:endPosition>2005-06-18T09:00:00.00+08:00</gml:endPosition>
									<gml:duration>PT24H</gml:duration>
								</gml:TimePeriod>
							</cv:temporalElement>
						</cv:CV_DomainObject>
					</cv:geometry>
					<cv:value
						xsi:type="gml:MeasureType"
						uom="mm">10.1</cv:value>
				</cv:CV_GeometryValuePair>
			</cv:element>
			<cv:element>
				<cv:CV_GeometryValuePair>
					<cv:geometry>
						<cv:CV_DomainObject>
							<cv:temporalElement>
								<gml:TimePeriod
									gml:id="tp2">
									<gml:beginPosition>2005-06-18T09:00:00.00+08:00</gml:beginPosition>
									<gml:endPosition>2005-06-19T09:00:00.00+08:00</gml:endPosition>
									<gml:duration>PT24H</gml:duration>
								</gml:TimePeriod>
							</cv:temporalElement>
						</cv:CV_DomainObject>
					</cv:geometry>
					<cv:value
						xsi:type="gml:MeasureType"
						uom="mm">15.7</cv:value>
				</cv:CV_GeometryValuePair>
			</cv:element>
			<cv:element>
				<cv:CV_GeometryValuePair>
					<cv:geometry>
						<cv:CV_DomainObject>
							<cv:temporalElement>
								<gml:TimePeriod
									gml:id="tp3">
									<gml:beginPosition>2005-06-19T09:00:00.00+08:00</gml:beginPosition>
									<gml:endPosition>2005-06-20T09:00:00.00+08:00</gml:endPosition>
									<gml:duration>PT24H</gml:duration>
								</gml:TimePeriod>
							</cv:temporalElement>
						</cv:CV_DomainObject>
					</cv:geometry>
					<cv:value
						xsi:type="gml:MeasureType"
						uom="mm">20.2</cv:value>
				</cv:CV_GeometryValuePair>
			</cv:element>
			<cv:element>
				<cv:CV_GeometryValuePair>
					<cv:geometry>
						<cv:CV_DomainObject>
							<cv:temporalElement>
								<gml:TimePeriod
									gml:id="tp4">
									<gml:beginPosition>2005-06-20T09:00:00.00+08:00</gml:beginPosition>
									<gml:endPosition>2005-06-21T09:00:00.00+08:00</gml:endPosition>
									<gml:duration>PT24H</gml:duration>
								</gml:TimePeriod>
							</cv:temporalElement>
						</cv:CV_DomainObject>
					</cv:geometry>
					<cv:value
						xsi:type="gml:MeasureType"
						uom="mm">27.5</cv:value>
				</cv:CV_GeometryValuePair>
			</cv:element>
			<cv:element>
				<cv:CV_GeometryValuePair>
					<cv:geometry>
						<cv:CV_DomainObject>
							<cv:temporalElement>
								<gml:TimePeriod
									gml:id="tp5">
									<gml:beginPosition>2005-06-21T09:00:00.00+08:00</gml:beginPosition>
									<gml:endPosition>2005-06-22T09:00:00.00+08:00</gml:endPosition>
									<gml:duration>PT24H</gml:duration>
								</gml:TimePeriod>
							</cv:temporalElement>
						</cv:CV_DomainObject>
					</cv:geometry>
					<cv:value
						xsi:type="gml:MeasureType"
						uom="mm">45.2</cv:value>
				</cv:CV_GeometryValuePair>
			</cv:element>
		</cv:CV_DiscreteCoverage>
	</om:result>
</om:OM_Observation>
