<ctl:package
 xmlns:ctl="http://www.occamlab.com/ctl"
 xmlns:xsl="http://www.w3.org/1999/XSL/Transform"
 xmlns:xsi='http://www.w3.org/2001/XMLSchema-instance'
 xmlns:ows='http://www.opengis.net/ows/2.0'
 xmlns:gml='http://www.opengis.net/gml/3.2'
 xmlns:wcs='http://www.opengis.net/wcs/2.0'
 xmlns:ctlp="http://www.occamlab.com/te/parsers"
 xmlns:wcs2="http://www.opengis.net/wcs/2.0"
 xmlns:wcseo="http://www.opengis.net/wcseo/1.0"
 xmlns:sch="http://purl.oclc.org/dsdl/schematron"
 xmlns:xlink="http://www.w3.org/1999/xlink"
 xmlns:xs="http://www.w3.org/2001/XMLSchema"
>


	<ctl:test name="wcseo:GetCoverage">
   		<ctl:param name="url"/>
	    	<ctl:param name="Capabilities"/>   		
    		<ctl:assertion>Test EO-WCS GetCapabilities.</ctl:assertion>
    		<ctl:code>

			<ctl:call-test name="wcseo:req40">
				<ctl:with-param name="url" select="$url"/> 			
				<ctl:with-param name="Capabilities" select="$Capabilities"/>      
			</ctl:call-test> 
			<ctl:call-test name="wcseo:req41">
				<ctl:with-param name="url" select="$url"/> 			
				<ctl:with-param name="Capabilities" select="$Capabilities"/>      
			</ctl:call-test> 
			<ctl:call-test name="wcseo:req42">
				<ctl:with-param name="url" select="$url"/> 			
				<ctl:with-param name="Capabilities" select="$Capabilities"/>      
			</ctl:call-test> 
			<ctl:call-test name="wcseo:req43">
				<ctl:with-param name="url" select="$url"/> 			
				<ctl:with-param name="Capabilities" select="$Capabilities"/>      
			</ctl:call-test>     
			<ctl:call-test name="wcseo:req44">
				<ctl:with-param name="url" select="$url"/> 			
				<ctl:with-param name="Capabilities" select="$Capabilities"/>      
			</ctl:call-test> 
			<ctl:call-test name="wcseo:req45">
				<ctl:with-param name="url" select="$url"/> 			
				<ctl:with-param name="Capabilities" select="$Capabilities"/>      
			</ctl:call-test> 
 			
    		</ctl:code>
  	</ctl:test>


	<ctl:test name="wcseo:req40">
   		<ctl:param name="url"/>
	    	<ctl:param name="Capabilities"/>   		
    		<ctl:assertion>req40:</ctl:assertion>
    		<ctl:code>
			<xsl:if test="contains(string-join(($Capabilities//*[local-name()='ServiceIdentification']/*[local-name()='Profile']),' '), 'http://www.opengis.net/spec/WCS_application-profile_earth-observation/1.0/conf/eowcs_get-kvp')">
				<ctl:call-test name="wcseo:get-kvp-req40">
					<ctl:with-param name="url" select="$url"/>      
				</ctl:call-test>            									
			</xsl:if>
			<xsl:if test="contains(string-join(($Capabilities//*[local-name()='ServiceIdentification']/*[local-name()='Profile']),' '), 'http://www.opengis.net/spec/WCS_application-profile_earth-observation/1.0/conf/eowcs_soap')">
				<ctl:call-test name="wcseo:soap-req40">
					<ctl:with-param name="url" select="$url"/>      					
				</ctl:call-test>             
			</xsl:if>  
    		</ctl:code>
  	</ctl:test>
  	
	<ctl:test name="wcseo:get-kvp-req40">
	    	<ctl:param name="Capabilities"/>
	    	<ctl:param name="url"/>
	    	<ctl:assertion>req40:</ctl:assertion>
    		<ctl:code>
	        	<ctl:message>[MESSAGE] TBD.</ctl:message> 
	    	</ctl:code>
	 </ctl:test> 
	<ctl:test name="wcseo:soap-req40">
	    	<ctl:param name="Capabilities"/>
	    	<ctl:param name="url"/>
	    	<ctl:assertion>req40:</ctl:assertion>
    		<ctl:code>
	        	<ctl:message>[MESSAGE] TBD.</ctl:message> 
	    	</ctl:code>
	 </ctl:test> 
  
 	<ctl:test name="wcseo:req41">
   		<ctl:param name="url"/>
	    	<ctl:param name="Capabilities"/>   		
    		<ctl:assertion>req41:</ctl:assertion>
    		<ctl:code>
			<xsl:if test="contains(string-join(($Capabilities//*[local-name()='ServiceIdentification']/*[local-name()='Profile']),' '), 'http://www.opengis.net/spec/WCS_application-profile_earth-observation/1.0/conf/eowcs_get-kvp')">
				<ctl:call-test name="wcseo:get-kvp-req41">
					<ctl:with-param name="url" select="$url"/>      
				</ctl:call-test>            									
			</xsl:if>
			<xsl:if test="contains(string-join(($Capabilities//*[local-name()='ServiceIdentification']/*[local-name()='Profile']),' '), 'http://www.opengis.net/spec/WCS_application-profile_earth-observation/1.0/conf/eowcs_soap')">
				<ctl:call-test name="wcseo:soap-req41">
					<ctl:with-param name="url" select="$url"/>      					
				</ctl:call-test>             
			</xsl:if>  
    		</ctl:code>
  	</ctl:test> 
	<ctl:test name="wcseo:get-kvp-req41">
	    	<ctl:param name="Capabilities"/>
	    	<ctl:param name="url"/>
	    	<ctl:assertion>req41:</ctl:assertion>
    		<ctl:code>
	        	<ctl:message>[MESSAGE] TBD.</ctl:message> 
	    	</ctl:code>
	 </ctl:test> 
	<ctl:test name="wcseo:soap-req41">
	    	<ctl:param name="Capabilities"/>
	    	<ctl:param name="url"/>
	    	<ctl:assertion>req41:</ctl:assertion>
    		<ctl:code>
	        	<ctl:message>[MESSAGE] TBD.</ctl:message> 
	    	</ctl:code>
	 </ctl:test> 
  
 	<ctl:test name="wcseo:req42">
   		<ctl:param name="url"/>
	    	<ctl:param name="Capabilities"/>   		
    		<ctl:assertion>req42:</ctl:assertion>
    		<ctl:code>
			<xsl:if test="contains(string-join(($Capabilities//*[local-name()='ServiceIdentification']/*[local-name()='Profile']),' '), 'http://www.opengis.net/spec/WCS_application-profile_earth-observation/1.0/conf/eowcs_get-kvp')">
				<ctl:call-test name="wcseo:get-kvp-req42">
					<ctl:with-param name="url" select="$url"/>      
				</ctl:call-test>            									
			</xsl:if>
			<xsl:if test="contains(string-join(($Capabilities//*[local-name()='ServiceIdentification']/*[local-name()='Profile']),' '), 'http://www.opengis.net/spec/WCS_application-profile_earth-observation/1.0/conf/eowcs_soap')">
				<ctl:call-test name="wcseo:soap-req42">
					<ctl:with-param name="url" select="$url"/>      					
				</ctl:call-test>             
			</xsl:if>  
    		</ctl:code>
  	</ctl:test>  	
	<ctl:test name="wcseo:get-kvp-req42">
	    	<ctl:param name="Capabilities"/>
	    	<ctl:param name="url"/>
	    	<ctl:assertion>req42:</ctl:assertion>
    		<ctl:code>
	        	<ctl:message>[MESSAGE] TBD.</ctl:message> 
	    	</ctl:code>
	 </ctl:test> 
	<ctl:test name="wcseo:soap-req42">
	    	<ctl:param name="Capabilities"/>
	    	<ctl:param name="url"/>
	    	<ctl:assertion>req42:</ctl:assertion>
    		<ctl:code>
	        	<ctl:message>[MESSAGE] TBD.</ctl:message> 
	    	</ctl:code>
	 </ctl:test> 
	   
 	<ctl:test name="wcseo:req43">
   		<ctl:param name="url"/>
	    	<ctl:param name="Capabilities"/>   		
    		<ctl:assertion>req43:</ctl:assertion>
    		<ctl:code>
			<xsl:if test="contains(string-join(($Capabilities//*[local-name()='ServiceIdentification']/*[local-name()='Profile']),' '), 'http://www.opengis.net/spec/WCS_application-profile_earth-observation/1.0/conf/eowcs_get-kvp')">
				<ctl:call-test name="wcseo:get-kvp-req43">
					<ctl:with-param name="url" select="$url"/>      
				</ctl:call-test>            									
			</xsl:if>
			<xsl:if test="contains(string-join(($Capabilities//*[local-name()='ServiceIdentification']/*[local-name()='Profile']),' '), 'http://www.opengis.net/spec/WCS_application-profile_earth-observation/1.0/conf/eowcs_soap')">
				<ctl:call-test name="wcseo:soap-req43">
					<ctl:with-param name="url" select="$url"/>      					
				</ctl:call-test>             
			</xsl:if>  
    		</ctl:code>
  	</ctl:test> 
	<ctl:test name="wcseo:get-kvp-req43">
	    	<ctl:param name="Capabilities"/>
	    	<ctl:param name="url"/>
	    	<ctl:assertion>req43:</ctl:assertion>
    		<ctl:code>
	        	<ctl:message>[MESSAGE] TBD.</ctl:message> 
	    	</ctl:code>
	 </ctl:test> 
	<ctl:test name="wcseo:soap-req43">
	    	<ctl:param name="Capabilities"/>
	    	<ctl:param name="url"/>
	    	<ctl:assertion>req43:</ctl:assertion>
    		<ctl:code>
	        	<ctl:message>[MESSAGE] TBD.</ctl:message> 
	    	</ctl:code>
	 </ctl:test> 
   
 	<ctl:test name="wcseo:req44">
   		<ctl:param name="url"/>
	    	<ctl:param name="Capabilities"/>   		
    		<ctl:assertion>req44:</ctl:assertion>
    		<ctl:code>
			<xsl:if test="contains(string-join(($Capabilities//*[local-name()='ServiceIdentification']/*[local-name()='Profile']),' '), 'http://www.opengis.net/spec/WCS_application-profile_earth-observation/1.0/conf/eowcs_get-kvp')">
				<ctl:call-test name="wcseo:get-kvp-req44">
					<ctl:with-param name="url" select="$url"/>      
				</ctl:call-test>            									
			</xsl:if>
			<xsl:if test="contains(string-join(($Capabilities//*[local-name()='ServiceIdentification']/*[local-name()='Profile']),' '), 'http://www.opengis.net/spec/WCS_application-profile_earth-observation/1.0/conf/eowcs_soap')">
				<ctl:call-test name="wcseo:soap-req44">
					<ctl:with-param name="url" select="$url"/>      					
				</ctl:call-test>             
			</xsl:if>  
    		</ctl:code>
  	</ctl:test>  	
	<ctl:test name="wcseo:get-kvp-req44">
	    	<ctl:param name="Capabilities"/>
	    	<ctl:param name="url"/>
	    	<ctl:assertion>req44:</ctl:assertion>
    		<ctl:code>
	        	<ctl:message>[MESSAGE] TBD.</ctl:message> 
	    	</ctl:code>
	 </ctl:test> 
	<ctl:test name="wcseo:soap-req44">
	    	<ctl:param name="Capabilities"/>
	    	<ctl:param name="url"/>
	    	<ctl:assertion>req44:</ctl:assertion>
    		<ctl:code>
	        	<ctl:message>[MESSAGE] TBD.</ctl:message> 
	    	</ctl:code>
	 </ctl:test> 
   
 	<ctl:test name="wcseo:req45">
   		<ctl:param name="url"/>
	    	<ctl:param name="Capabilities"/>   		
    		<ctl:assertion>req45:</ctl:assertion>
    		<ctl:code>
			<xsl:if test="contains(string-join(($Capabilities//*[local-name()='ServiceIdentification']/*[local-name()='Profile']),' '), 'http://www.opengis.net/spec/WCS_application-profile_earth-observation/1.0/conf/eowcs_get-kvp')">
				<ctl:call-test name="wcseo:get-kvp-req45">
					<ctl:with-param name="url" select="$url"/>      
				</ctl:call-test>            									
			</xsl:if>
			<xsl:if test="contains(string-join(($Capabilities//*[local-name()='ServiceIdentification']/*[local-name()='Profile']),' '), 'http://www.opengis.net/spec/WCS_application-profile_earth-observation/1.0/conf/eowcs_soap')">
				<ctl:call-test name="wcseo:soap-req45">
					<ctl:with-param name="url" select="$url"/>      					
				</ctl:call-test>             
			</xsl:if>  
    		</ctl:code>
  	</ctl:test>  	
	<ctl:test name="wcseo:get-kvp-req45">
	    	<ctl:param name="Capabilities"/>
	    	<ctl:param name="url"/>
	    	<ctl:assertion>req45:</ctl:assertion>
    		<ctl:code>
	        	<ctl:message>[MESSAGE] TBD.</ctl:message> 
	    	</ctl:code>
	 </ctl:test> 
	<ctl:test name="wcseo:soap-req45">
	    	<ctl:param name="Capabilities"/>
	    	<ctl:param name="url"/>
	    	<ctl:assertion>req45:</ctl:assertion>
    		<ctl:code>
	        	<ctl:message>[MESSAGE] TBD.</ctl:message> 
	    	</ctl:code>
	 </ctl:test> 
   

   

</ctl:package>