<?xml version="1.0" encoding="UTF-8"?>
<gmlcov:MultiSolidCoverage
    xmlns:xsi='http://www.w3.org/2001/XMLSchema-instance'
    xmlns:gml='http://www.opengis.net/gml/3.2'
    xmlns='http://www.opengis.net/gml/3.2'
    xmlns:swe='http://www.opengis.net/swe/2.0'
    xmlns:gmlcov='http://www.opengis.net/gmlcov/1.0'
    xmlns:gmlwcs='http://www.opengis.net/gmlcov/1.0'
    xsi:schemaLocation='http://www.opengis.net/swe/2.0 http://schemas.opengis.net/sweCommon/2.0/swe.xsd
                        http://www.opengis.net/gmlcov/1.0 ../../../../gmlcov/1.0/gmlcovAll.xsd'
    gml:id="C0005">
    <!--The domain consists of one tetrahedron, and this tetrahedron has four triangular surfaces -->
    <gml:boundedBy>
        <gml:Envelope srsName="http://www.opengis.net/def/crs/EPSG/0/4979" axisLabels="Lat Long h" uomLabels="deg deg m" srsDimension="3">
            <gml:lowerCorner>0 0 0</gml:lowerCorner>
            <gml:upperCorner>1 1 1</gml:upperCorner>
        </gml:Envelope>
    </gml:boundedBy>
    <gml:domainSet>
        <gml:Solid gml:id="so0001_C0005">
            <gml:exterior>
                <gml:Shell>
                    <gml:surfaceMember>
                        <gml:CompositeSurface gml:id="cs0001_C0005">
                            <gml:surfaceMember>
                                <gml:Surface gml:id="su0001_C0005">
                                    <gml:patches>
                                        <gml:Triangle>
                                            <gml:exterior>
                                                <gml:LinearRing>
                                                    <gml:coordinates>0,0,0 1,0,0 0,1,0 0,0,0 </gml:coordinates>
                                                </gml:LinearRing>
                                            </gml:exterior>
                                        </gml:Triangle>
                                    </gml:patches>
                                </gml:Surface>
                            </gml:surfaceMember>
                            <gml:surfaceMember>
                                <gml:Surface gml:id="su0002_C0005">
                                    <gml:patches>
                                        <gml:Triangle>
                                            <gml:exterior>
                                                <gml:LinearRing>
                                                    <gml:coordinates>0,0,0 1,0,0 0,0,1 0,0,0 </gml:coordinates>
                                                </gml:LinearRing>
                                            </gml:exterior>
                                        </gml:Triangle>
                                    </gml:patches>
                                </gml:Surface>
                            </gml:surfaceMember>
                            <gml:surfaceMember>
                                <gml:Surface gml:id="su0003_C0005">
                                    <gml:patches>
                                        <gml:Triangle>
                                            <gml:exterior>
                                                <gml:LinearRing>
                                                    <gml:coordinates>0,0,0 0,1,0 0,0,1 0,0,0 </gml:coordinates>
                                                </gml:LinearRing>
                                            </gml:exterior>
                                        </gml:Triangle>
                                    </gml:patches>
                                </gml:Surface>
                            </gml:surfaceMember>
                            <gml:surfaceMember>
                                <gml:Surface gml:id="su0004_C0005">
                                    <gml:patches>
                                        <gml:Triangle>
                                            <gml:exterior>
                                                <gml:LinearRing>
                                                    <gml:coordinates>0,0,1 1,0,0 0,1,0 0,0,1 </gml:coordinates>
                                                </gml:LinearRing>
                                            </gml:exterior>
                                        </gml:Triangle>
                                    </gml:patches>
                                </gml:Surface>
                            </gml:surfaceMember>
                        </gml:CompositeSurface>
                    </gml:surfaceMember>
                </gml:Shell>
            </gml:exterior>
        </gml:Solid>
    </gml:domainSet>
    <gml:rangeSet>
       <gml:DataBlock>
           <gml:rangeParameters/>
           <gml:tupleList> 25 </gml:tupleList>
       </gml:DataBlock>
    </gml:rangeSet>
    <gmlcov:rangeType>
        <swe:DataRecord>
            <swe:field name="Temperature">
                <swe:Quantity definition="http://www.opengis.net/def/property/OGC/0/Temperature">
                    <gml:description>Temperature</gml:description>
                    <gml:name>Temp</gml:name>
                    <swe:uom code="Cel"/>
                    <swe:constraint>
                        <swe:AllowedValues>
                            <swe:interval>0 100</swe:interval>
                        </swe:AllowedValues>
                    </swe:constraint>
                </swe:Quantity>
            </swe:field>
        </swe:DataRecord>
    </gmlcov:rangeType>
</gmlcov:MultiSolidCoverage>
