<?xml version="1.0" encoding="UTF-8"?>
<!-- Unpack *-ctl-scripts.zip assembly in the TE_BASE/scripts directory -->
<!-- Add this entry to TE_BASE/config.xml (//organization/standard) -->
<organization>
  <name>OGC</name>
  <standard>
    <name>OWS Context (OWC)</name>
    <version>
      <name>1.0 (pending)</name>
      <suite>
        <namespace-uri>http://www.opengis.net/cite/owc</namespace-uri>
        <prefix>tns</prefix>
        <local-name>ets-owc-1.0-r4</local-name>
        <title>OWC 1.0 Conformance Test Suite</title>
        <description>Checks OWS Context documents for conformance to OGC 12-080.</description>
      </suite>
      <revision>
        <name>1.0-r4</name>
        <status>Alpha</status>
        <sources>
          <source>owc/1.0-r4/owc-suite.ctl</source>
        </sources>
        <webdir>owc/1.0-r4/web</webdir>
      </revision>
    </version>
  </standard>
</organization>
