<?xml version="1.0" encoding="UTF-8"?>
<!-- test case id: wfs-1.1.0-Basic-GetFeature-tc209.3 -->
<wfs:GetFeature xmlns:wfs="http://www.opengis.net/wfs" version="1.1.0" service="WFS">
  <wfs:Query xmlns:sf="http://cite.opengeospatial.org/gmlsf"
    typeName="sf:PrimitiveGeoFeature" srsName="urn:ogc:def:crs:EPSG::32631">
    <ogc:Filter xmlns:ogc="http://www.opengis.net/ogc" xmlns:gml="http://www.opengis.net/gml">
                <ogc:And>
                        <ogc:BBOX>
                                <ogc:PropertyName>sf:pointProperty</ogc:PropertyName>
                                <gml:Envelope srsName="urn:ogc:def:crs:EPSG::4326">
                                        <gml:lowerCorner>30 -12</gml:lowerCorner>
                                        <gml:upperCorner>60 -6</gml:upperCorner>
                                </gml:Envelope>
                        </ogc:BBOX>
                        <ogc:PropertyIsEqualTo>
                                <ogc:PropertyName>gml:name</ogc:PropertyName>
                                <ogc:Literal>name-f015</ogc:Literal>
                        </ogc:PropertyIsEqualTo>
                </ogc:And>
    </ogc:Filter>
  </wfs:Query>
</wfs:GetFeature>
