<?xml version="1.0" encoding="UTF-8"?>
<!-- test case id: wfs-1.1.0-Basic-GetFeature-tc203.3 -->
<wfs:GetFeature xmlns:wfs="http://www.opengis.net/wfs" version="1.1.0" service="WFS">
  <wfs:Query xmlns:sf="http://cite.opengeospatial.org/gmlsf" typeName="sf:EntitéGénérique">
    <ogc:Filter xmlns:ogc="http://www.opengis.net/ogc" xmlns:gml="http://www.opengis.net/gml">
      <ogc:Within>
        <ogc:PropertyName>sf:nonExistingAttribute</ogc:PropertyName>
        <gml:Polygon srsName="urn:ogc:def:crs:EPSG::4326">
          <gml:exterior>
            <gml:LinearRing>
              <gml:posList>55.1 -8.0 55.1 -5.4 60.0 -5.4 60.0 -8.0 55.1 -8.0</gml:posList>
            </gml:LinearRing>
          </gml:exterior>
        </gml:Polygon>
      </ogc:Within>
    </ogc:Filter>
  </wfs:Query>
</wfs:GetFeature>
