<?xml version="1.0" encoding="UTF-8"?>
<!-- test case id: wfs-1.1.0-Basic-GetFeature-tc209.1 -->
<wfs:GetFeature xmlns:wfs="http://www.opengis.net/wfs" version="1.1.0" service="WFS">
  <wfs:Query xmlns:sf="http://cite.opengeospatial.org/gmlsf"
    typeName="sf:PrimitiveGeoFeature" srsName="urn:ogc:def:crs:EPSG::4326">
    <ogc:Filter xmlns:ogc="http://www.opengis.net/ogc" xmlns:gml="http://www.opengis.net/gml">
		<ogc:PropertyIsEqualTo>
			<ogc:PropertyName>gml:name</ogc:PropertyName>
			<ogc:Literal>name-f015</ogc:Literal>
		</ogc:PropertyIsEqualTo>
    </ogc:Filter>
  </wfs:Query>
</wfs:GetFeature>
