<?xml version="1.0" encoding="UTF-8"?>
<!-- test case id: wfs-1.1.0-Basic-GetFeature-tc200.3 -->
<wfs:GetFeature xmlns:wfs="http://www.opengis.net/wfs" version="1.1.0" service="WFS">
  <wfs:Query xmlns:sf="http://cite.opengeospatial.org/gmlsf"
    typeName="sf:AggregateGeoFeature">
    <ogc:Filter xmlns:ogc="http://www.opengis.net/ogc" xmlns:gml="http://www.opengis.net/gml">
      <ogc:Disjoint>
          <ogc:PropertyName>sf:multiSurfaceProperty</ogc:PropertyName>
          <gml:Envelope srsName="urn:ogc:def:crs:EPSG::4326">
            <gml:lowerCorner>48.0 18.0</gml:lowerCorner>
            <gml:upperCorner>52.0 21.0</gml:upperCorner>
          </gml:Envelope>
      </ogc:Disjoint>
    </ogc:Filter>
  </wfs:Query>
</wfs:GetFeature>
