<?xml version="1.0" encoding="UTF-8"?>
<!-- test case id: wfs-1.1.0-Basic-GetFeature-tc200.1 -->
<wfs:GetFeature xmlns:wfs="http://www.opengis.net/wfs" version="1.1.0" service="WFS">
  <wfs:Query xmlns:sf="http://cite.opengeospatial.org/gmlsf"
    typeName="sf:PrimitiveGeoFeature">
    <ogc:Filter xmlns:ogc="http://www.opengis.net/ogc" xmlns:gml="http://www.opengis.net/gml">
      <ogc:Disjoint>
          <ogc:PropertyName>sf:surfaceProperty</ogc:PropertyName>
          <gml:LineString srsName="urn:ogc:def:crs:EPSG::4326">
            <gml:posList>45.017 30.422 45.208 30.603 45.757 30.812 45.957 30.926</gml:posList>
          </gml:LineString>
      </ogc:Disjoint>
    </ogc:Filter>
  </wfs:Query>
</wfs:GetFeature>
