<?xml version="1.0" encoding="UTF-8"?>
<!-- test case id: wfs-1.1.0-Basic-GetFeature-tc204.1 -->
<wfs:GetFeature xmlns:wfs="http://www.opengis.net/wfs" version="1.1.0" service="WFS">
  <wfs:Query xmlns:sf="http://cite.opengeospatial.org/gmlsf" typeName="sf:EntitéGénérique">
    <ogc:Filter xmlns:ogc="http://www.opengis.net/ogc" xmlns:gml="http://www.opengis.net/gml">
      <ogc:Overlaps>
        <ogc:PropertyName>sf:attribut.Géométrie</ogc:PropertyName>
        <gml:Envelope srsName="urn:ogc:def:crs:EPSG::4326">
          <gml:lowerCorner>56.05 -2.00</gml:lowerCorner>
          <gml:upperCorner>62.11 2.02</gml:upperCorner>
        </gml:Envelope>
      </ogc:Overlaps>
    </ogc:Filter>
  </wfs:Query>
</wfs:GetFeature>
