<?xml version="1.0" encoding="UTF-8"?>
<!-- test case id: wfs-1.1.0-Basic-GetFeature-tc205.3 -->
<wfs:GetFeature xmlns:wfs="http://www.opengis.net/wfs" version="1.1.0" service="WFS">
  <wfs:Query xmlns:sf="http://cite.opengeospatial.org/gmlsf" typeName="sf:EntitéGénérique">
    <ogc:Filter xmlns:ogc="http://www.opengis.net/ogc" xmlns:gml="http://www.opengis.net/gml">
      <ogc:Equals>
        <ogc:PropertyName>sf:attribut.Géométrie</ogc:PropertyName>
        <gml:Polygon srsName="urn:ogc:def:crs:EPSG::4326">
          <gml:exterior>
            <gml:LinearRing>
              <gml:posList>60.5 0 64 0 64 6.25 60.5 6.25 60.5 0</gml:posList>
            </gml:LinearRing>
          </gml:exterior>
          <gml:interior>
            <gml:LinearRing>
              <gml:posList>61.5 2 62.5 2 62 4 61.5 2</gml:posList>
            </gml:LinearRing>
          </gml:interior>
        </gml:Polygon>
      </ogc:Equals>
    </ogc:Filter>
  </wfs:Query>
</wfs:GetFeature>
