<?xml version="1.0" encoding="UTF-8"?>
<!-- test case id: wfs-1.1.0-Basic-GetFeature-tc205.2 -->
<wfs:GetFeature xmlns:wfs="http://www.opengis.net/wfs" version="1.1.0" service="WFS">
  <wfs:Query xmlns:sf="http://cite.opengeospatial.org/gmlsf" typeName="sf:AggregateGeoFeature">
    <ogc:Filter xmlns:ogc="http://www.opengis.net/ogc" xmlns:gml="http://www.opengis.net/gml">
      <ogc:Equals>
        <ogc:PropertyName>sf:pointProperty</ogc:PropertyName>
        <gml:Point srsName="urn:ogc:def:crs:EPSG::4326">
          <gml:pos>59.41276 0.22601</gml:pos>
        </gml:Point>
      </ogc:Equals>
    </ogc:Filter>
  </wfs:Query>
</wfs:GetFeature>
