<?xml version="1.0" encoding="UTF-8"?>
<!-- test case id: wfs-1.1.0-Basic-GetFeature-tc207.2 -->
<wfs:GetFeature xmlns:wfs="http://www.opengis.net/wfs" version="1.1.0" service="WFS">
	<wfs:Query xmlns:sf="http://cite.opengeospatial.org/gmlsf" typeName="sf:AggregateGeoFeature">
		<ogc:Filter xmlns:ogc="http://www.opengis.net/ogc" xmlns:gml="http://www.opengis.net/gml">
			<ogc:Touches>
				<ogc:PropertyName>sf:multiCurveProperty</ogc:PropertyName>
				<gml:Point srsName="urn:ogc:def:crs:EPSG::4326">
					<gml:pos>55.174 -5.899</gml:pos>
				</gml:Point>
			</ogc:Touches>
		</ogc:Filter>
	</wfs:Query>
</wfs:GetFeature>
