<?xml version="1.0" encoding="UTF-8"?>
<!-- test case id: wfs-1.1.0-Basic-GetFeature-tc207.1 -->
<wfs:GetFeature xmlns:wfs="http://www.opengis.net/wfs" version="1.1.0" service="WFS">
  <wfs:Query xmlns:sf="http://cite.opengeospatial.org/gmlsf"
    typeName="sf:PrimitiveGeoFeature">
    <ogc:Filter xmlns:ogc="http://www.opengis.net/ogc" xmlns:gml="http://www.opengis.net/gml">
      <ogc:Touches>
          <ogc:PropertyName>sf:surfaceProperty</ogc:PropertyName>
          <gml:Envelope srsName="urn:ogc:def:crs:EPSG::4326">
            <gml:lowerCorner>0.1 -1.0</gml:lowerCorner>
            <gml:upperCorner>0.2 -0.9</gml:upperCorner>
          </gml:Envelope>
      </ogc:Touches>
    </ogc:Filter>
  </wfs:Query>
</wfs:GetFeature>
