<?xml version="1.0" encoding="UTF-8"?>
<!-- test case id: wfs-1.1.0-Basic-GetFeature-tc207.3 -->
<wfs:GetFeature xmlns:wfs="http://www.opengis.net/wfs" version="1.1.0" service="WFS">
  <wfs:Query xmlns:sf="http://cite.opengeospatial.org/gmlsf"
    typeName="sf:AggregateGeoFeature">
    <ogc:Filter xmlns:ogc="http://www.opengis.net/ogc" xmlns:gml="http://www.opengis.net/gml">
      <ogc:Touches>
          <ogc:PropertyName>sf:multiSurfaceProperty</ogc:PropertyName>
			<gml:LineString srsName="urn:ogc:def:crs:EPSG::4326">
			  <gml:posList>54 19 54 18 54 17</gml:posList>
			</gml:LineString>
      </ogc:Touches>
    </ogc:Filter>
  </wfs:Query>
</wfs:GetFeature>
