<?xml version="1.0" encoding="UTF-8"?>
<!-- test case id: wfs-1.1.0-Basic-GetFeature-tc204.2 -->
<wfs:GetFeature xmlns:wfs="http://www.opengis.net/wfs" version="1.1.0" service="WFS">
  <wfs:Query xmlns:sf="http://cite.opengeospatial.org/gmlsf" typeName="sf:AggregateGeoFeature">
    <ogc:Filter xmlns:ogc="http://www.opengis.net/ogc" xmlns:gml="http://www.opengis.net/gml">
      <ogc:Overlaps>
        <ogc:PropertyName>sf:multiSurfaceProperty</ogc:PropertyName>
        <gml:MultiSurface srsName="urn:ogc:def:crs:EPSG::4326">
          <gml:surfaceMember>
			<gml:Polygon>
              <gml:exterior>
                <gml:LinearRing>
                  <gml:posList>48.0 18.0 48.0 23.0 54.0 23.0 54.0 18.0 48.0 18.0</gml:posList>
                </gml:LinearRing>
              </gml:exterior>
			</gml:Polygon>
		  </gml:surfaceMember>
		  <gml:surfaceMember>
            <gml:Polygon>
              <gml:exterior>
                <gml:LinearRing>
                  <gml:posList>59.0 4.0 55.0 8.0 59.0 12.0 59.0 4.0</gml:posList>
                </gml:LinearRing>
              </gml:exterior>
            </gml:Polygon>
          </gml:surfaceMember>
        </gml:MultiSurface>
      </ogc:Overlaps>
    </ogc:Filter>
  </wfs:Query>
</wfs:GetFeature>
