<?xml version="1.0" encoding="UTF-8"?>
<!-- test case id: wfs-1.1.0-Basic-GetFeature-tc201.2 -->
<wfs:GetFeature xmlns:wfs="http://www.opengis.net/wfs" version="1.1.0" service="WFS">
  <wfs:Query xmlns:sf="http://cite.opengeospatial.org/gmlsf"
    typeName="sf:EntitéGénérique">
    <ogc:Filter xmlns:ogc="http://www.opengis.net/ogc" xmlns:gml="http://www.opengis.net/gml">
      <ogc:Intersects>
        <ogc:PropertyName>sf:attribut.Géométrie</ogc:PropertyName>
        <gml:MultiPoint srsName="urn:ogc:def:crs:EPSG::4326">
          <gml:pointMember>
            <gml:Point><gml:pos>38.83 16.22</gml:pos></gml:Point>
          </gml:pointMember>
          <gml:pointMember>
            <gml:Point><gml:pos>62.07 2.48</gml:pos></gml:Point>
          </gml:pointMember>
        </gml:MultiPoint>
      </ogc:Intersects>
    </ogc:Filter>
  </wfs:Query>
</wfs:GetFeature>
