<?xml version="1.0" encoding="UTF-8"?>
<!-- test case id: wfs-1.1.0-Basic-GetFeature-tc201.1 -->
<wfs:GetFeature xmlns:wfs="http://www.opengis.net/wfs" version="1.1.0" service="WFS">
  <wfs:Query xmlns:sf="http://cite.opengeospatial.org/gmlsf"
    typeName="sf:PrimitiveGeoFeature">
    <ogc:Filter xmlns:ogc="http://www.opengis.net/ogc" xmlns:gml="http://www.opengis.net/gml">
      <ogc:Intersects>
        <ogc:PropertyName>sf:pointProperty</ogc:PropertyName>
        <gml:Polygon srsName="urn:ogc:def:crs:EPSG::4326">
          <gml:exterior>
            <gml:LinearRing>
              <gml:posList>34.0 -12.0 42.0 -12.0 42.0 4.0 34.0 4.0 34.0 -12.0</gml:posList>
            </gml:LinearRing>
          </gml:exterior>
        </gml:Polygon>
      </ogc:Intersects>
    </ogc:Filter>
  </wfs:Query>
</wfs:GetFeature>
