<?xml version="1.0" encoding="UTF-8"?>
<!-- test case id: wfs-1.1.0-Basic-GetFeature-tc201.3 -->
<wfs:GetFeature xmlns:wfs="http://www.opengis.net/wfs" version="1.1.0" service="WFS">
  <wfs:Query xmlns:sf="http://cite.opengeospatial.org/gmlsf"
    typeName="sf:AggregateGeoFeature">
    <ogc:Filter xmlns:ogc="http://www.opengis.net/ogc" xmlns:gml="http://www.opengis.net/gml">
      <ogc:Intersects>
        <ogc:PropertyName>sf:multiSurfaceProperty</ogc:PropertyName>
        <gml:LinearRing srsName="urn:ogc:def:crs:EPSG::4326">
          <gml:posList>57.0 7.5 57.0 8.5 58.0 8.5 58.0 7.5 57.0 7.5</gml:posList>
        </gml:LinearRing>
      </ogc:Intersects>
    </ogc:Filter>
  </wfs:Query>
</wfs:GetFeature>
