<?xml version="1.0" encoding="UTF-8"?>
<!-- test case id: wfs-1.1.0-Basic-GetFeature-tc205.1 -->
<wfs:GetFeature xmlns:wfs="http://www.opengis.net/wfs" version="1.1.0" service="WFS">
  <wfs:Query xmlns:sf="http://cite.opengeospatial.org/gmlsf" typeName="sf:AggregateGeoFeature">
    <ogc:Filter xmlns:ogc="http://www.opengis.net/ogc" xmlns:gml="http://www.opengis.net/gml">
      <ogc:Equals>
        <ogc:PropertyName>sf:multiPointProperty</ogc:PropertyName>
        <gml:MultiPoint srsName="urn:ogc:def:crs:EPSG::4326">
          <gml:pointMember>
            <gml:Point><gml:pos>70.83 29.86</gml:pos></gml:Point>
          </gml:pointMember>
          <gml:pointMember>
            <gml:Point><gml:pos>68.87 31.08</gml:pos></gml:Point>
          </gml:pointMember>
          <gml:pointMember>
            <gml:Point><gml:pos>71.96 32.19</gml:pos></gml:Point>
          </gml:pointMember>
        </gml:MultiPoint>
      </ogc:Equals>
    </ogc:Filter>
  </wfs:Query>
</wfs:GetFeature>
