<?xml version="1.0" encoding="UTF-8"?>
<!-- test case id: wfs-1.1.0-Basic-GetFeature-tc208.2 -->
<wfs:GetFeature xmlns:wfs="http://www.opengis.net/wfs" version="1.1.0" service="WFS">
	<wfs:Query xmlns:sf="http://cite.opengeospatial.org/gmlsf" typeName="sf:PrimitiveGeoFeature">
		<ogc:Filter xmlns:ogc="http://www.opengis.net/ogc" xmlns:gml="http://www.opengis.net/gml">
			<ogc:Crosses>
				<ogc:PropertyName>sf:curveProperty</ogc:PropertyName>
				<gml:LineString srsName="urn:ogc:def:crs:EPSG::4326">
					<gml:posList>47.1 9.8 46.1 11.0</gml:posList>
				</gml:LineString>
			</ogc:Crosses>
		</ogc:Filter>
	</wfs:Query>
</wfs:GetFeature>
