<?xml version="1.0" encoding="UTF-8"?>
<!-- test case id: wfs-1.1.0-Basic-GetFeature-tc203.1 -->
<wfs:GetFeature xmlns:wfs="http://www.opengis.net/wfs" version="1.1.0" service="WFS">
  <wfs:Query xmlns:sf="http://cite.opengeospatial.org/gmlsf"
    typeName="sf:PrimitiveGeoFeature">
    <ogc:Filter xmlns:ogc="http://www.opengis.net/ogc" xmlns:gml="http://www.opengis.net/gml">
      <ogc:Within>
        <ogc:PropertyName>sf:curveProperty</ogc:PropertyName>
        <gml:Envelope srsName="urn:ogc:def:crs:EPSG::4326">
          <gml:lowerCorner>45.050 8.800</gml:lowerCorner>
          <gml:upperCorner>47.114 11.021</gml:upperCorner>
        </gml:Envelope>
      </ogc:Within>
    </ogc:Filter>
  </wfs:Query>
</wfs:GetFeature>
