<?xml version="1.0" encoding="UTF-8"?>
<!-- test case id: wfs-1.1.0-Basic-GetFeature-tc204.3 -->
<wfs:GetFeature xmlns:wfs="http://www.opengis.net/wfs" version="1.1.0" service="WFS">
  <wfs:Query xmlns:sf="http://cite.opengeospatial.org/gmlsf" typeName="sf:PrimitiveGeoFeature">
    <ogc:Filter xmlns:ogc="http://www.opengis.net/ogc" xmlns:gml="http://www.opengis.net/gml">
      <ogc:Overlaps>
        <ogc:PropertyName>sf:curveProperty</ogc:PropertyName>
        <gml:LineString srsName="urn:ogc:def:crs:EPSG::4326">
          <gml:posList>46.652 10.466 47.114 11.021 46.114 12.114 45.725 12.523</gml:posList>
        </gml:LineString>
      </ogc:Overlaps>
    </ogc:Filter>
  </wfs:Query>
</wfs:GetFeature>
