<?xml version="1.0" encoding="UTF-8"?>
<!-- test case id: wfs-1.1.0-Basic-GetFeature-tc200.4 -->
<wfs:GetFeature xmlns:wfs="http://www.opengis.net/wfs" version="1.1.0" service="WFS">
  <wfs:Query xmlns:sf="http://cite.opengeospatial.org/gmlsf"
    typeName="sf:AggregateGeoFeature">
    <ogc:Filter xmlns:ogc="http://www.opengis.net/ogc" xmlns:gml="http://www.opengis.net/gml">
      <ogc:Disjoint>
        <ogc:PropertyName>sf:multiCurveProperty</ogc:PropertyName>
        <gml:Curve srsName="urn:ogc:def:crs:EPSG::4326">
          <gml:segments>
            <gml:Circle interpolation="circularArc3Points">
              <gml:posList>57.5 19.0 57.0 20.0 57.5 21.0</gml:posList>
            </gml:Circle>
          </gml:segments>
        </gml:Curve>
        </ogc:Disjoint>
      </ogc:Filter>
  </wfs:Query>
</wfs:GetFeature>
