<?xml version="1.0" encoding="UTF-8"?>
<!-- test case id: wfs-1.1.0-Basic-GetFeature-tc210.1 -->
<wfs:GetFeature xmlns:wfs="http://www.opengis.net/wfs" version="1.1.0" service="WFS">
  <wfs:Query xmlns:sf="http://cite.opengeospatial.org/gmlsf" 
    typeName="sf:PrimitiveGeoFeature" srsName="urn:ogc:def:crs:EPSG::4326">
    <ogc:Filter xmlns:ogc="http://www.opengis.net/ogc" xmlns:gml="http://www.opengis.net/gml">
		<ogc:BBOX>
			<ogc:PropertyName>sf:pointProperty</ogc:PropertyName>
			<gml:Envelope srsName="urn:ogc:def:crs:EPSG::4326">
				<gml:lowerCorner>-90 -180</gml:lowerCorner>
				<gml:upperCorner>90 180</gml:upperCorner>
			</gml:Envelope>
		</ogc:BBOX>
    </ogc:Filter>
    </wfs:Query>
</wfs:GetFeature>
