<?xml version="1.0" encoding="UTF-8"?>
<!-- test case id: wfs-1.1.0-Basic-GetFeature-tc202.1 -->
<wfs:GetFeature xmlns:wfs="http://www.opengis.net/wfs" version="1.1.0" service="WFS">
  <wfs:Query xmlns:sf="http://cite.opengeospatial.org/gmlsf"
    typeName="sf:AggregateGeoFeature">
    <ogc:Filter xmlns:ogc="http://www.opengis.net/ogc" xmlns:gml="http://www.opengis.net/gml">
      <ogc:Intersects>
        <ogc:PropertyName>sf:curveProperty</ogc:PropertyName>
        <gml:Envelope srsName="urn:ogc:def:crs:EPSG::4326">
            <gml:lowerCorner>56.0 -8.0</gml:lowerCorner>
            <gml:upperCorner>60.0 -2.0</gml:upperCorner>
        </gml:Envelope>
      </ogc:Intersects>
    </ogc:Filter>
  </wfs:Query>
</wfs:GetFeature>
