<ctl:suite xmlns:ctl="http://www.occamlab.com/ctl" xmlns:xhtml="http://www.w3.org/1999/xhtml" xmlns:wcs2="http://www.opengis.net/wcs/2.0" name="wcs2:suite">
	<ctl:title>wcs2 kvp extension test suite</ctl:title>
	<ctl:description>Validates wcs2 kvp extension</ctl:description>
	<ctl:link>docs/wcs/2.0/</ctl:link>
	<ctl:starting-test>wcs2:main</ctl:starting-test>
	<ctl:form>
		<h1>Compliance Test Suite for OGC Web Coverage Service 2.0 - KVP Protocol Binding Extension 1.0</h1>
		<p>
      Complete information about the test suite and requirements for the implementation server can be found <a href="../../../about/wcskvp/1.0/web/" target="_blank">here</a>.
      </p>
		
		 <p><b>Enter a URL of a WCS 2.0 Service endpoint.</b> </p>
		 <p> The URL should be specified without any query parameters. For example:</p>
		 <pre>http://kahlua.eecs.jacobs-university.de:8080/wcs-conformance-testing</pre>
	
		<xhtml:input type="text" name="url" size="150"/>
		<xhtml:p/>
		<xhtml:input type="submit" value="OK"/>
	</ctl:form>
</ctl:suite>
