<?xml version="1.0" encoding="UTF-8"?>
<!-- test case id: wfs-1.1.0-Basic-GetFeature-tc101.2 -->
<wfs:GetFeature xmlns:wfs="http://www.opengis.net/wfs" version="1.1.0" service="WFS">
  <wfs:Query xmlns:sf="http://cite.opengeospatial.org/gmlsf" 
    typeName="sf:AggregateGeoFeature">
    <ogc:Filter xmlns:ogc="http://www.opengis.net/ogc">
      <ogc:And>
        <ogc:PropertyIsGreaterThanOrEqualTo>
          <ogc:PropertyName>sf:doubleProperty</ogc:PropertyName>
          <ogc:Literal>24510</ogc:Literal>
        </ogc:PropertyIsGreaterThanOrEqualTo>
        <ogc:PropertyIsEqualTo matchCase="false">
          <ogc:PropertyName>sf:featureCode</ogc:PropertyName>
          <ogc:Literal>ak020</ogc:Literal>
        </ogc:PropertyIsEqualTo>
      </ogc:And>
    </ogc:Filter>
  </wfs:Query>
</wfs:GetFeature>
