<?xml version="1.0" encoding="UTF-8"?>
<!-- test case id: wfs-1.1.0-Basic-GetFeature-tc102.1 -->
<wfs:GetFeature xmlns:wfs="http://www.opengis.net/wfs" version="1.1.0" service="WFS">
  <wfs:Query xmlns:sf="http://cite.opengeospatial.org/gmlsf"
    xmlns:ogc="http://www.opengis.net/ogc"
    typeName="sf:EntitéGénérique"
    srsName="urn:ogc:def:crs:EPSG::4326">
    <ogc:Filter xmlns:gml="http://www.opengis.net/gml">
      <ogc:Or>
        <ogc:PropertyIsEqualTo>
          <ogc:PropertyName>sf:str4Property</ogc:PropertyName>
          <ogc:Literal>abc3</ogc:Literal>
        </ogc:PropertyIsEqualTo>
        <ogc:BBOX>
          <ogc:PropertyName>sf:attribut.Géométrie</ogc:PropertyName>
          <gml:Envelope srsName="urn:ogc:def:crs:EPSG::4326">
            <gml:lowerCorner>34.0 15.0</gml:lowerCorner>
            <gml:upperCorner>40.0 19.0</gml:upperCorner>
          </gml:Envelope>
        </ogc:BBOX>
      </ogc:Or>
    </ogc:Filter>
    <ogc:SortBy>
      <ogc:SortProperty>
        <ogc:PropertyName>sf:str4Property</ogc:PropertyName>
        <ogc:SortOrder>ASC</ogc:SortOrder>
      </ogc:SortProperty>
    </ogc:SortBy>
  </wfs:Query>
</wfs:GetFeature>
