<?xml version="1.0" encoding="UTF-8"?>
<!-- test case id: wfs-1.1.0-Basic-GetFeature-tc101.1 -->
<wfs:GetFeature xmlns:wfs="http://www.opengis.net/wfs" version="1.1.0" service="WFS">
  <wfs:Query xmlns:sf="http://cite.opengeospatial.org/gmlsf"
    typeName="sf:PrimitiveGeoFeature"
    srsName="urn:ogc:def:crs:EPSG::4326">
    <ogc:Filter xmlns:ogc="http://www.opengis.net/ogc" xmlns:gml="http://www.opengis.net/gml">
      <ogc:And>
        <ogc:BBOX>
          <ogc:PropertyName>sf:pointProperty</ogc:PropertyName>
          <gml:Envelope srsName="urn:x-ogc:def:crs:EPSG:6.11:4326">
            <gml:lowerCorner>36.0 -1.0</gml:lowerCorner>
            <gml:upperCorner>42.0 4.0</gml:upperCorner>
          </gml:Envelope>
        </ogc:BBOX>
        <ogc:PropertyIsGreaterThan>
          <ogc:PropertyName>sf:dateProperty</ogc:PropertyName>
          <ogc:Literal>2006-10-01Z</ogc:Literal>
        </ogc:PropertyIsGreaterThan>
      </ogc:And>
    </ogc:Filter>
  </wfs:Query>
</wfs:GetFeature>
