<?xml version="1.0" encoding="UTF-8"?>
<!-- test case id: wfs-1.1.0-Basic-GetFeature-tc102.2 -->
<wfs:GetFeature xmlns:wfs="http://www.opengis.net/wfs" version="1.1.0" service="WFS">
  <wfs:Query xmlns:sf="http://cite.opengeospatial.org/gmlsf" 
    xmlns:ogc="http://www.opengis.net/ogc" 
    typeName="sf:PrimitiveGeoFeature">
    <ogc:Filter xmlns:gml="http://www.opengis.net/gml">
      <ogc:Or>
        <ogc:PropertyIsNotEqualTo>
          <ogc:PropertyName>sf:intProperty</ogc:PropertyName>
          <ogc:Literal>155</ogc:Literal>
        </ogc:PropertyIsNotEqualTo>
        <ogc:PropertyIsBetween>
          <ogc:PropertyName>sf:decimalProperty</ogc:PropertyName>
          <ogc:LowerBoundary><ogc:Literal>10.00</ogc:Literal></ogc:LowerBoundary>
          <ogc:UpperBoundary><ogc:Literal>20.00</ogc:Literal></ogc:UpperBoundary>										
        </ogc:PropertyIsBetween>
      </ogc:Or>
    </ogc:Filter>
  </wfs:Query>
</wfs:GetFeature>
