<?xml version="1.0" encoding="UTF-8"?>
<!-- test case id: wfs-1.1.0-Basic-GetFeature-tc100.1 -->
<wfs:GetFeature xmlns:wfs="http://www.opengis.net/wfs" version="1.1.0" service="WFS">
  <wfs:Query xmlns:sf="http://cite.opengeospatial.org/gmlsf" typeName="sf:AggregateGeoFeature">
    <ogc:Filter xmlns:ogc="http://www.opengis.net/ogc">
      <ogc:Not>
        <ogc:PropertyIsBetween>
          <ogc:PropertyName>sf:doubleProperty</ogc:PropertyName>
          <ogc:LowerBoundary><ogc:Literal>20.0</ogc:Literal></ogc:LowerBoundary>
          <ogc:UpperBoundary><ogc:Literal>100.0</ogc:Literal></ogc:UpperBoundary>										
        </ogc:PropertyIsBetween>
      </ogc:Not>
    </ogc:Filter>
  </wfs:Query>
</wfs:GetFeature>
