<?xml version="1.0" encoding="UTF-8"?>
<!-- test case id: wfs-1.1.0-Basic-GetFeature-tc100.2 -->
<wfs:GetFeature xmlns:wfs="http://www.opengis.net/wfs" version="1.1.0" service="WFS">
  <wfs:Query xmlns:sf="http://cite.opengeospatial.org/gmlsf"
    typeName="sf:EntitéGénérique"
    srsName="urn:ogc:def:crs:EPSG::4326">
    <ogc:Filter xmlns:ogc="http://www.opengis.net/ogc"
      xmlns:gml="http://www.opengis.net/gml">
      <ogc:Not>
        <ogc:BBOX>
          <ogc:PropertyName>sf:attribut.Géométrie</ogc:PropertyName>
          <gml:Envelope srsName="urn:ogc:def:crs:EPSG::4326">
            <gml:lowerCorner>34.0 16.0</gml:lowerCorner>
            <gml:upperCorner>40.0 19.0</gml:upperCorner>
          </gml:Envelope>
        </ogc:BBOX>
      </ogc:Not>
    </ogc:Filter>
  </wfs:Query>
</wfs:GetFeature>
