<?xml version="1.0" encoding="UTF-8"?>
<!-- test case id: wfs-1.1.0-Basic-GetFeature-tc101.3 -->
<wfs:GetFeature xmlns:wfs="http://www.opengis.net/wfs" version="1.1.0" service="WFS">
  <wfs:Query xmlns:sf="http://cite.opengeospatial.org/gmlsf"
    typeName="sf:AggregateGeoFeature"
    srsName="urn:ogc:def:crs:EPSG::4326">
    <ogc:Filter xmlns:ogc="http://www.opengis.net/ogc" xmlns:gml="http://www.opengis.net/gml">
      <ogc:And>
        <ogc:Not>
          <ogc:BBOX>
            <gml:Envelope srsName="urn:ogc:def:crs:EPSG::4326">
              <gml:lowerCorner>40.0 -5.0</gml:lowerCorner>
              <gml:upperCorner>50.0 -1.0</gml:upperCorner>
            </gml:Envelope>
          </ogc:BBOX>
        </ogc:Not>
        <ogc:PropertyIsGreaterThan>
          <ogc:PropertyName>sf:doubleProperty</ogc:PropertyName>
          <ogc:Literal>20.0</ogc:Literal>
        </ogc:PropertyIsGreaterThan>
      </ogc:And>
    </ogc:Filter>
  </wfs:Query>
</wfs:GetFeature>
