<?xml version="1.0" encoding="UTF-8"?>
<!-- Unpack *-ctl-scripts.zip assembly in the TE_BASE/scripts directory -->
<!-- Add this entry to TE_BASE/config.xml (//organization/standard) -->
<organization>
  <name>OGC</name>
  <standard>
    <name>Geography Markup Language (GML)</name>
    <version>
      <name>3.2.1</name>
      <suite>
        <namespace-uri>http://www.opengis.net/cite/iso19136</namespace-uri>
        <prefix>tns</prefix>
        <local-name>ets-gml-3.2.1-r8</local-name>
        <title>GML 3.2 (ISO 19136:2007) Conformance Test Suite</title>
        <description>Checks GML application schemas or data sets for conformance to ISO 19136:2007.</description>
      </suite>
      <revision>
        <name>3.2.1-r8</name>
        <status>Beta</status>
        <sources>
          <source>gml/3.2.1-r8/gml-suite.ctl</source>
        </sources>
        <webdir>gml/3.2.1-r8/web</webdir>
      </revision>
    </version>
  </standard>
</organization>
