<?xml version="1.0" encoding="UTF-8"?>
<!-- Unpack *-ctl-scripts.zip assembly in the TE_BASE/scripts directory -->
<!-- Add this entry to TE_BASE/config.xml (/config/scripts/organization) -->
<organization>
  <name>OGC</name>
  <standard>
    <name>OGC KML</name>
    <version>
      <name>2.2</name>
      <suite>
        <namespace-uri>http://www.opengis.net/cite/kml22</namespace-uri>
        <prefix>tns</prefix>
        <local-name>ets-kml22-2.2-r5</local-name>
        <title>KML 2.2 Validator</title>
        <description>Verifies the structure and content of KML 2.2 documents.</description>
      </suite>
      <revision>
        <name>2.2-r5</name>
        <status>Beta</status>
        <sources>
          <source>kml22/2.2-r5/kml22-suite.ctl</source>
        </sources>
        <webdir>kml22/2.2-r5/web</webdir>
      </revision>
    </version>
  </standard>
</organization>
