<?xml version="1.0" encoding="UTF-8"?>
<wfs:GetFeature xmlns:wfs="http://www.opengis.net/wfs"  xmlns:ogc="http://www.opengis.net/ogc" service="WFS" version="1.1.0">
	<wfs:Query xmlns:sf="http://cite.opengeospatial.org/gmlsf" typeName="sf:PrimitiveGeoFeature" srsName="urn:ogc:def:crs:EPSG::4326">
		<ogc:Filter>
			<ogc:PropertyIsEqualTo>
				<ogc:PropertyName xmlns:gml="http://www.opengis.net/ASDF">gml:name</ogc:PropertyName>
				<ogc:Literal>name-f003</ogc:Literal>
			</ogc:PropertyIsEqualTo>
		</ogc:Filter>
	</wfs:Query>
</wfs:GetFeature>