<?xml version="1.0" encoding="UTF-8"?>
<!-- test case id: wfs-1.1.0-Basic-GetFeature-tc51.4 -->
<wfs:GetFeature xmlns:wfs="http://www.opengis.net/wfs" version="1.1.0" service="WFS">
  <wfs:Query xmlns:sf="http://cite.opengeospatial.org/gmlsf"
    xmlns:ogc="http://www.opengis.net/ogc"
    typeName="sf:AggregateGeoFeature"
    srsName="urn:ogc:def:crs:EPSG::4326">
    <ogc:SortBy>
      <ogc:SortProperty>
        <ogc:PropertyName>sf:featureCode</ogc:PropertyName>
        <ogc:SortOrder>DESC</ogc:SortOrder>
      </ogc:SortProperty>
    </ogc:SortBy>
  </wfs:Query>
</wfs:GetFeature>
