<?xml version="1.0" encoding="UTF-8"?>
<wfs:GetFeature xmlns:wfs="http://www.opengis.net/wfs"  xmlns:ogc="http://www.opengis.net/ogc" service="WFS" version="1.1.0">
	<wfs:Query xmlns:sf="http://cite.opengeospatial.org/gmlsf" typeName="sf:PrimitiveGeoFeature" srsName="urn:ogc:def:crs:EPSG::4326">
		<ogc:Filter>
			<ogc:PropertyIsGreaterThan>
				<ogc:PropertyName>sf:intProperty</ogc:PropertyName>
				<ogc:Literal>100</ogc:Literal>
			</ogc:PropertyIsGreaterThan>
		</ogc:Filter>
	</wfs:Query>
</wfs:GetFeature>