<?xml version="1.0" encoding="UTF-8"?>
<wfs:GetFeature xmlns:wfs="http://www.opengis.net/wfs" xmlns:gml="http://www.opengis.net/gml" xmlns:ogc="http://www.opengis.net/ogc" version="1.1.0" service="WFS">
        <wfs:Query xmlns:sf="http://cite.opengeospatial.org/gmlsf" typeName="sf:PrimitiveGeoFeature">
                <ogc:Filter>
                        <ogc:BBOX>
                                <ogc:PropertyName>sf:pointProperty</ogc:PropertyName>
                                <gml:Envelope srsName="urn:ogc:def:crs:EPSG::4326">
                                        <gml:lowerCorner>37.0 -2.5</gml:lowerCorner>
                                        <gml:upperCorner>42.0 2.5</gml:upperCorner>
                                </gml:Envelope>
                        </ogc:BBOX>
                </ogc:Filter>
        </wfs:Query>
</wfs:GetFeature>