<?xml version="1.0" encoding="UTF-8"?>
<wfs:GetFeature xmlns:wfs="http://www.opengis.net/wfs" xmlns:gml="http://www.opengis.net/gml"  xmlns:ogc="http://www.opengis.net/ogc" version="1.1.0" service="WFS">
	<wfs:Query xmlns:sf="http://cite.opengeospatial.org/gmlsf" typeName="sf:PrimitiveGeoFeature" srsName="urn:ogc:def:crs:EPSG::4326">
		<wfs:PropertyName>sf:measurand</wfs:PropertyName>
		<ogc:Filter>
			<ogc:PropertyIsEqualTo>
				<ogc:PropertyName>gml:name</ogc:PropertyName>
				<ogc:Literal>name-f001</ogc:Literal>
			</ogc:PropertyIsEqualTo>
		</ogc:Filter>
	</wfs:Query>
</wfs:GetFeature>
