<?xml version="1.0" encoding="UTF-8"?>
<!-- test case id: wfs-1.1.0-Basic-GetFeature-tc45.3 -->
<wfs:GetFeature xmlns:wfs="http://www.opengis.net/wfs" version="1.1.0" service="WFS">
  <wfs:Query xmlns:sf="http://cite.opengeospatial.org/gmlsf" typeName="sf:AggregateGeoFeature">
    <ogc:Filter xmlns:ogc="http://www.opengis.net/ogc">
      <ogc:PropertyIsNull>
        <ogc:PropertyName>sf:multiCurveProperty</ogc:PropertyName>
      </ogc:PropertyIsNull>
    </ogc:Filter>
  </wfs:Query>
</wfs:GetFeature>
