<?xml version="1.0" encoding="UTF-8"?>
<eop:EarthObservation xmlns:xsi="http://www.w3.org/2001/XMLSchema-instance"
    xsi:schemaLocation="http://www.opengis.net/eop/2.0 ../xsd/eop.xsd"
 xmlns:om="http://www.opengis.net/om/2.0"
 xmlns:xlink="http://www.w3.org/1999/xlink"
 xmlns:gml="http://www.opengis.net/gml/3.2"
 xmlns:eop="http://www.opengis.net/eop/2.0"
 xmlns:ows="http://www.opengis.net/ows/2.0"
 xmlns:swe="http://www.opengis.net/swe/1.0"
 gml:id="ID001">
    <om:phenomenonTime>
        <gml:TimePeriod gml:id="tp_1">
            <gml:beginPosition>2001-08-22T11:02:47.000</gml:beginPosition>
            <gml:endPosition>2001-08-22T11:02:47.999</gml:endPosition>
        </gml:TimePeriod>
    </om:phenomenonTime>
    <om:resultTime> <!-- repeat of archiving date? -->
        <gml:TimeInstant gml:id="archivingdate_1">
            <gml:timePosition>2001-08-22T11:02:47.999</gml:timePosition>
        </gml:TimeInstant>        
    </om:resultTime>
    <om:procedure> 
        <eop:EarthObservationEquipment gml:id="eoe_1">
            <eop:platform>
                <eop:Platform>
                    <eop:shortName>PHR</eop:shortName>
                    <eop:serialIdentifier>1A</eop:serialIdentifier>
                </eop:Platform>
            </eop:platform>
            <eop:instrument>
                <eop:Instrument>
                    <eop:shortName>PHR</eop:shortName>
                </eop:Instrument>
            </eop:instrument>
            <eop:sensor>
                <eop:Sensor>
                    <eop:sensorType>OPTICAL</eop:sensorType>
                    <eop:operationalMode codeSpace="urn:eop:PHR:sensorMode">PX</eop:operationalMode>
                    <eop:resolution uom="m">0.7</eop:resolution>
                </eop:Sensor>
            </eop:sensor>
            <eop:acquisitionParameters>
                <eop:Acquisition>
                    <eop:orbitNumber>12</eop:orbitNumber>
                    <eop:lastOrbitNumber>12</eop:lastOrbitNumber>
                    <eop:orbitDirection>ASCENDING</eop:orbitDirection>
                    <eop:wrsLongitudeGrid codeSpace="EPSG">12</eop:wrsLongitudeGrid>
                    <eop:wrsLatitudeGrid codeSpace="EPSG">12</eop:wrsLatitudeGrid>
                    <eop:acrossTrackIncidenceAngle uom="deg">-14.0</eop:acrossTrackIncidenceAngle>
                    <eop:alongTrackIncidenceAngle uom="deg">-13.9</eop:alongTrackIncidenceAngle>                    
                    <eop:pitch uom="deg">0</eop:pitch>
                    <eop:roll uom="deg">0</eop:roll>                    
                    <eop:yaw uom="deg">0</eop:yaw>
                </eop:Acquisition>
            </eop:acquisitionParameters>
        </eop:EarthObservationEquipment>
    </om:procedure>
    <om:observedProperty xlink:href="#phenom1"></om:observedProperty>
    <om:featureOfInterest>
        <eop:Footprint gml:id="fp_1">
            <eop:multiExtentOf>
                <gml:MultiSurface gml:id="ms_1" srsName="EPSG:4326"> 
                    <gml:surfaceMembers>
                        <gml:Polygon gml:id="fppoly_1">
                            <gml:exterior>
                                <gml:LinearRing>
                                    <gml:posList>2.1025 43.516667 2.861667 43.381667 2.65 42.862778 1.896944 42.996389 2.1025 43.516667</gml:posList>
                                </gml:LinearRing>
                            </gml:exterior>
                        </gml:Polygon>
                    </gml:surfaceMembers>
                </gml:MultiSurface>
            </eop:multiExtentOf>
            <eop:centerOf>
                <gml:Point gml:id="p1" srsName="EPSG:4326">
                    <gml:pos>2.374167 43.190833</gml:pos>
                </gml:Point>
            </eop:centerOf>
        </eop:Footprint>
    </om:featureOfInterest>
    <om:result>
        <eop:EarthObservationResult gml:id="eor_1">
            <eop:browse>
                <eop:BrowseInformation>
                    <eop:type>QUICKLOOK</eop:type>                    
                    <eop:referenceSystemIdentifier codeSpace="EPSG">epsg:4326</eop:referenceSystemIdentifier>    
                    <eop:fileName>
                       <ows:ServiceReference xlink:href="http://etc"><ows:RequestMessage></ows:RequestMessage></ows:ServiceReference>
                    </eop:fileName>
                </eop:BrowseInformation>
            </eop:browse>
            <eop:mask>
                <eop:MaskInformation>
                    <eop:type>CLOUD</eop:type>
                    <eop:format>VECTOR</eop:format>
                    <eop:referenceSystemIdentifier codeSpace="EPSG">epsg:4326</eop:referenceSystemIdentifier>
                    <eop:fileName>
                        <ows:ServiceReference xlink:href="http://etc"><ows:RequestMessage></ows:RequestMessage></ows:ServiceReference>
                    </eop:fileName>
                </eop:MaskInformation>
            </eop:mask> 
            <eop:parameter>
                <eop:ParameterInformation>
                    <eop:unitOfMeasure uom="c"/>
                    <eop:phenomenon>
                        <swe:Phenomenon xmlns:ns1="http://www.opengis.net/gml" ns1:id="phenom1">
                            <name xmlns="http://www.opengis.net/gml">xyzdef</name>
                        </swe:Phenomenon>                       
                    </eop:phenomenon>
                </eop:ParameterInformation>
            </eop:parameter>
        </eop:EarthObservationResult>
    </om:result>
    <eop:metaDataProperty>        
        <eop:EarthObservationMetaData>            
            <eop:identifier>DS_PHR1A_20010822110247_TLS_PX_E123N45_0101_01234</eop:identifier>
            <eop:acquisitionType>NOMINAL</eop:acquisitionType>
            <eop:productType>TBD</eop:productType>
            <eop:status>ARCHIVED</eop:status>
            <eop:downlinkedTo>
                <eop:DownlinkInformation>
                    <eop:acquisitionStation codeSpace="urn:eop:PHR:stationCode">TLS</eop:acquisitionStation>
                </eop:DownlinkInformation>
            </eop:downlinkedTo>
            <eop:archivedIn>
                <eop:ArchivingInformation>
                    <eop:archivingCenter codeSpace="urn:eop:PHR:stationCode">TLS</eop:archivingCenter>
                    <eop:archivingDate>2001-08-22T11:02:47.999</eop:archivingDate>
                </eop:ArchivingInformation>
            </eop:archivedIn>
            <eop:processing>
                <eop:ProcessingInformation/>
            </eop:processing>
        </eop:EarthObservationMetaData>        
    </eop:metaDataProperty> 
</eop:EarthObservation>

