<?xml version="1.0" encoding="utf-8"?>
<?xml-stylesheet type="text/xsl" href="schematron_result_for_eop.xsl"?>
<lmb:EarthObservation xmlns:xsi="http://www.w3.org/2001/XMLSchema-instance"
	xsi:schemaLocation="http://www.opengis.net/opt/2.0 ../xsd/lmb.xsd"
	xmlns:xlink="http://www.w3.org/1999/xlink" xmlns:gml="http://www.opengis.net/gml/3.2"
	xmlns:eop="http://www.opengis.net/eop/2.0" xmlns:lmb="http://www.opengis.net/lmb/2.0"
	xmlns:ows="http://www.opengis.net/ows/2.0" xmlns:swe="http://www.opengis.net/swe/1.0"
	xmlns:om="http://www.opengis.net/om/2.0" gml:id="lmb_example_1">
	<om:phenomenonTime>
		<gml:TimePeriod gml:id="tp_2">
			<gml:beginPosition>2001-08-22T11:02:47.000</gml:beginPosition>
			<gml:endPosition>2001-08-22T11:02:47.999</gml:endPosition>
		</gml:TimePeriod>
	</om:phenomenonTime>
	<om:resultTime>
		<!-- repeat of archiving date? -->
		<gml:TimeInstant gml:id="archivingdate_1">
			<gml:timePosition>2001-08-22T11:02:47.999</gml:timePosition>
		</gml:TimeInstant>
	</om:resultTime>
	<om:procedure>
		<lmb:EarthObservationEquipment gml:id="eop_2">
			<eop:platform>
				<eop:Platform>
					<eop:shortName>DummyPlatform</eop:shortName>
					<eop:serialIdentifier>DummyP</eop:serialIdentifier>
				</eop:Platform>
			</eop:platform>
			<eop:instrument>
				<eop:Instrument>
					<eop:shortName>DummyLimbSoundingInstrument</eop:shortName>
					<eop:instrumentType></eop:instrumentType>
				</eop:Instrument>
			</eop:instrument>
			<lmb:acquisitionParameters>
				<eop:Acquisition>
					<eop:orbitNumber>12</eop:orbitNumber>
					<eop:lastOrbitNumber>12</eop:lastOrbitNumber>
					<eop:orbitDirection>ASCENDING</eop:orbitDirection>
					<eop:illuminationAzimuthAngle uom="deg">10</eop:illuminationAzimuthAngle>
					<eop:acrossTrackIncidenceAngle uom="deg">-14.0</eop:acrossTrackIncidenceAngle>
					<eop:alongTrackIncidenceAngle uom="deg">-13.9</eop:alongTrackIncidenceAngle>
					<eop:pitch uom="deg">0</eop:pitch>
					<eop:roll uom="deg">0</eop:roll>
					<eop:yaw uom="deg">0</eop:yaw>
				</eop:Acquisition>
			</lmb:acquisitionParameters>
			<lmb:sensor>
				<lmb:Sensor>
					<eop:sensorType>LIMB</eop:sensorType>
					<eop:operationalMode codeSpace="urn:eop:DUMMY:sensorMode"
						>Mode5</eop:operationalMode>
					<eop:resolution uom="m">1.0</eop:resolution>
					<lmb:measurementType>ABSORPTION</lmb:measurementType>
				</lmb:Sensor>
			</lmb:sensor>
		</lmb:EarthObservationEquipment>
	</om:procedure>
	<om:observedProperty/>
	<om:featureOfInterest>
		<lmb:Footprint gml:id="fp1">
			<eop:multiExtentOf/>
			<lmb:maximumAltitude uom="m">3500</lmb:maximumAltitude>
			<lmb:minimumAltitude uom="m">1500</lmb:minimumAltitude>
			<lmb:nominalTrack>
				<gml:MultiCurve gml:id="lmb_fpcurve1">
					<gml:curveMember>
						<gml:LineString gml:id="track1" srsName="EPSG:4326">
							<gml:coordinates>-60.11159,-49.394531 -22.355494,-19.863281
								51.777811,18.457031 78.611509,63.808594</gml:coordinates>
						</gml:LineString>
					</gml:curveMember>
				</gml:MultiCurve>
			</lmb:nominalTrack>
			<lmb:occultationPoints>
				<gml:MultiPoint gml:id="occ1" srsName="EPSG:4326">
					<gml:pointMember>
						<gml:Point gml:id="profile1">
							<gml:coordinates>-59.1823 -48.2336</gml:coordinates>
						</gml:Point>
					</gml:pointMember>
					<gml:pointMember>
						<gml:Point gml:id="profile2">
							<gml:coordinates>-30.2141 -23.4324 </gml:coordinates>
						</gml:Point>
					</gml:pointMember>
					<gml:pointMember>
						<gml:Point gml:id="profile3">
							<gml:coordinates>-23.3424 -18.7632</gml:coordinates>
						</gml:Point>
					</gml:pointMember>
				</gml:MultiPoint>
			</lmb:occultationPoints>
		</lmb:Footprint>
	</om:featureOfInterest>
	<om:result>
		<eop:EarthObservationResult gml:id="eor_2">
			<eop:browse>
				<eop:BrowseInformation>
					<eop:type>QUICKLOOK</eop:type>
					<eop:referenceSystemIdentifier codeSpace="EPSG"
						>epsg:4326</eop:referenceSystemIdentifier>
					<eop:fileName>
						<ows:ServiceReference xlink:href="http://www.mybrowse.com/dummy">
							<ows:RequestMessage/>
						</ows:ServiceReference>
					</eop:fileName>
				</eop:BrowseInformation>
			</eop:browse>
			<eop:mask>
				<eop:MaskInformation>
					<eop:type>CLOUD</eop:type>
					<eop:format>VECTOR</eop:format>
					<eop:fileName>
						<ows:ServiceReference xlink:href="http://www.mybrowse.com/dummy2">
							<ows:RequestMessage/>
						</ows:ServiceReference>
					</eop:fileName>
				</eop:MaskInformation>
			</eop:mask>
		</eop:EarthObservationResult>
	</om:result>
	<eop:metaDataProperty>
		<eop:EarthObservationMetaData>
			<eop:identifier>DS_PHR1A_20010822110247_TLS_PX_E123N45_0101_01234</eop:identifier>
			<eop:acquisitionType>NOMINAL</eop:acquisitionType>
			<eop:productType>TBD</eop:productType>
			<eop:status>ACQUIRED</eop:status>
			<eop:downlinkedTo>
				<eop:DownlinkInformation>
					<eop:acquisitionStation codeSpace="urn:eop:PHR:stationCode"
						>TLS</eop:acquisitionStation>
				</eop:DownlinkInformation>
			</eop:downlinkedTo>
			<eop:archivedIn>
				<eop:ArchivingInformation>
					<eop:archivingCenter codeSpace="urn:eop:PHR:stationCode"
						>TLS</eop:archivingCenter>
					<eop:archivingDate>2001-08-22T11:02:47.999</eop:archivingDate>
				</eop:ArchivingInformation>
			</eop:archivedIn>
			<eop:imageQualityDegradation uom="%">0</eop:imageQualityDegradation>
			<eop:processing>
				<eop:ProcessingInformation/>
			</eop:processing>
		</eop:EarthObservationMetaData>
	</eop:metaDataProperty>
</lmb:EarthObservation>
