<?xml version="1.0" encoding="utf-8"?>
<?xml-stylesheet type="text/xsl" href="schematron_result_for_eop.xsl"?>
<opt:EarthObservation xmlns:xsi="http://www.w3.org/2001/XMLSchema-instance"
	xsi:schemaLocation="http://www.opengis.net/opt/2.0 ../xsd/opt.xsd"
	xmlns:xlink="http://www.w3.org/1999/xlink" xmlns:gml="http://www.opengis.net/gml/3.2"
	xmlns:eop="http://www.opengis.net/eop/2.0" xmlns:opt="http://www.opengis.net/opt/2.0"
	xmlns:ows="http://www.opengis.net/ows/2.0"
	xmlns:swe="http://www.opengis.net/swe/1.0"
	xmlns:om="http://www.opengis.net/om/2.0" gml:id="opt_example_1">
	<om:phenomenonTime>
		<gml:TimePeriod gml:id="tp_2">
			<gml:beginPosition>2001-08-22T11:02:47.000</gml:beginPosition>
			<gml:endPosition>2001-08-22T11:02:47.999</gml:endPosition>
		</gml:TimePeriod>
	</om:phenomenonTime>
	<om:resultTime>
		<!-- repeat of archiving date? -->
		<gml:TimeInstant gml:id="archivingdate_1">
			<gml:timePosition>2001-08-22T11:02:47.999</gml:timePosition>
		</gml:TimeInstant>
	</om:resultTime>
	<om:procedure>
		<eop:EarthObservationEquipment gml:id="eop_2">
			<eop:platform>
				<eop:Platform>
					<eop:shortName>PHR</eop:shortName>
					<eop:serialIdentifier>1A</eop:serialIdentifier>
				</eop:Platform>
			</eop:platform>
			<eop:instrument>
				<eop:Instrument>
					<eop:shortName>PHR</eop:shortName>
				</eop:Instrument>
			</eop:instrument>
			<eop:sensor>
				<eop:Sensor>
					<eop:sensorType>OPTICAL</eop:sensorType>
					<eop:operationalMode codeSpace="urn:eop:PHR:sensorMode">PX</eop:operationalMode>
					<eop:resolution uom="m">0.7</eop:resolution>
				</eop:Sensor>
			</eop:sensor>
			<eop:acquisitionParameters>
				<eop:Acquisition>
					<eop:orbitNumber>12</eop:orbitNumber>
					<eop:lastOrbitNumber>12</eop:lastOrbitNumber>
					<eop:orbitDirection>ASCENDING</eop:orbitDirection>
					<eop:illuminationAzimuthAngle uom="deg">10</eop:illuminationAzimuthAngle> 
					<eop:acrossTrackIncidenceAngle uom="deg">-14.0</eop:acrossTrackIncidenceAngle>
					<eop:alongTrackIncidenceAngle uom="deg">-13.9</eop:alongTrackIncidenceAngle>										
					<eop:pitch uom="deg">0</eop:pitch>
					<eop:roll uom="deg">0</eop:roll>
					<eop:yaw uom="deg">0</eop:yaw>
				</eop:Acquisition>
			</eop:acquisitionParameters>
		</eop:EarthObservationEquipment>
	</om:procedure>
	<om:observedProperty xlink:href="#params1"/>
	<om:featureOfInterest>
		<eop:Footprint gml:id="fp_2">
			<eop:multiExtentOf>
				<gml:MultiSurface gml:id="ms_2" srsName="EPSG:4326">
					<gml:surfaceMembers>
						<gml:Polygon gml:id="fppoly_2">
							<gml:exterior>
								<gml:LinearRing>
									<gml:posList>2.1025 43.516667 2.861667 43.381667 2.65 42.862778
										1.896944 42.996389 2.1025 43.516667</gml:posList>
								</gml:LinearRing>
							</gml:exterior>
						</gml:Polygon>
					</gml:surfaceMembers>
				</gml:MultiSurface>
			</eop:multiExtentOf>
			<eop:centerOf>
				<gml:Point gml:id="pt_2" srsName="EPSG:4326">
					<gml:pos>2.374167 43.190833</gml:pos>
				</gml:Point>
			</eop:centerOf>
		</eop:Footprint>
	</om:featureOfInterest>
	<om:result>
		<opt:EarthObservationResult gml:id="eor_2">
			<eop:browse>
				<eop:BrowseInformation>
					<eop:type>QUICKLOOK</eop:type>
					<eop:referenceSystemIdentifier codeSpace="EPSG">epsg:4326</eop:referenceSystemIdentifier>
					<eop:fileName>
						<ows:ServiceReference xmlns="http://www.opengis.net/ows/2.0" xlink:href="http://www.mybrowse.com/et"><ows:RequestMessage></ows:RequestMessage></ows:ServiceReference>
					</eop:fileName>
					
					<!--<eop:fileName href="http://eop.cnes.fr/catalog/DS_PHR1A_20010822110247_TLS_PX_E123N45_0101_01234.jpg"/eop:fileName>-->
				</eop:BrowseInformation>
			</eop:browse>
			<eop:mask>
				<eop:MaskInformation>
					<eop:type>CLOUD</eop:type>
					<eop:format>VECTOR</eop:format>
					<eop:fileName>
						<ows:ServiceReference xmlns="http://www.opengis.net/ows/2.0" xlink:href="http://www.mybrowse.com/et"><ows:RequestMessage></ows:RequestMessage></ows:ServiceReference>
					</eop:fileName>
					<!-- <eop:fileName>http://eop.cnes.fr/catalog/DS_PHR1A_20010822110247_TLS_PX_E123N45_0101_01234.gml</eop:fileName>-->
				</eop:MaskInformation>
			</eop:mask>
			<opt:cloudCoverPercentage uom="%">30</opt:cloudCoverPercentage>
		</opt:EarthObservationResult>
	</om:result>
	<eop:metaDataProperty>
		<eop:EarthObservationMetaData>
			<eop:identifier>DS_PHR1A_20010822110247_TLS_PX_E123N45_0101_01234</eop:identifier>
			<eop:acquisitionType>NOMINAL</eop:acquisitionType>
			<eop:productType>TBD</eop:productType>
			<eop:status>ACQUIRED</eop:status>
			<eop:downlinkedTo>
				<eop:DownlinkInformation>
					<eop:acquisitionStation codeSpace="urn:eop:PHR:stationCode"
						>TLS</eop:acquisitionStation>
				</eop:DownlinkInformation>
			</eop:downlinkedTo>
			<eop:archivedIn>
				<eop:ArchivingInformation>
					<eop:archivingCenter codeSpace="urn:eop:PHR:stationCode"
						>TLS</eop:archivingCenter>
					<eop:archivingDate>2001-08-22T11:02:47.999</eop:archivingDate>
				</eop:ArchivingInformation>
			</eop:archivedIn>
			<eop:imageQualityDegradation uom="%">0</eop:imageQualityDegradation>
			<eop:processing>
				<eop:ProcessingInformation/>
			</eop:processing>
		</eop:EarthObservationMetaData>
	</eop:metaDataProperty>
</opt:EarthObservation>
