<?xml version="1.0" encoding="utf-8"?>
<ssp:EarthObservation xmlns:xsi="http://www.w3.org/2001/XMLSchema-instance" xsi:schemaLocation="http://www.opengis.net/ssp/2.0 ssp.xsd" xmlns:xlink="http://www.w3.org/1999/xlink" xmlns:gml="http://www.opengis.net/gml/3.2" xmlns:eop="http://www.opengis.net/eop/2.0" xmlns:ssp="http://www.opengis.net/ssp/2.0" xmlns:ows="http://www.opengis.net/ows/2.0" xmlns:swe="http://www.opengis.net/swe/1.0" xmlns:om="http://www.opengis.net/om/2.0" gml:id="VGT_S10_V2KRNS10__20070511E">
	<om:phenomenonTime>
		<gml:TimePeriod gml:id="VGT_S10_V2KRNS10__20070511E_TP">
			<gml:beginPosition>2007-05-01T00:00:00Z</gml:beginPosition>
			<gml:endPosition>2007-05-10T23:59:59Z</gml:endPosition>
		</gml:TimePeriod>
	</om:phenomenonTime>
	<om:resultTime>
		<gml:TimeInstant gml:id="VGT_S10_V2KRNS10__20070501E_TI">
			<gml:timePosition>2007-06-11T00:00:00.0</gml:timePosition>
		</gml:TimeInstant>
	</om:resultTime>
	<om:procedure>
		<ssp:EarthObservationEquipment gml:id="VGT1_VGT2">
			<eop:sensor>
				<eop:Sensor>
					<eop:sensorType>OPTICAL</eop:sensorType>
					<eop:resolution uom="m">1000</eop:resolution>
				</eop:Sensor>
			</eop:sensor>
			<ssp:instrument>
				<eop:Instrument>
					<eop:shortName>VGT1</eop:shortName>
				</eop:Instrument>
			</ssp:instrument>
			<ssp:instrument>
				<eop:Instrument>
					<eop:shortName>VGT2</eop:shortName>
				</eop:Instrument>
			</ssp:instrument>
			<ssp:platform>
				<eop:Platform>
					<eop:shortName>SPOT</eop:shortName>
					<eop:serialIdentifier>5</eop:serialIdentifier>
				</eop:Platform>
			</ssp:platform>
			<ssp:platform>
				<eop:Platform>
					<eop:shortName>SPOT</eop:shortName>
					<eop:serialIdentifier>4</eop:serialIdentifier>
				</eop:Platform>
			</ssp:platform>
		</ssp:EarthObservationEquipment>
	</om:procedure>
	<om:observedProperty xlink:href="http://cf-pcmdi.llnl.gov/documents/cf-standard-names/standard-name-table/15/cf-standard-name-table.xml#normalized_difference_vegetation_index"/>
	<om:featureOfInterest>
		<ssp:Footprint gml:id="VGT_S10_V2KRNS10__20070501E_FP">
			<eop:multiExtentOf>
				<gml:MultiSurface srsName="EPSG:4326" gml:id="VGT_S10_V2KRNS10__20070501E_MS">
					<gml:surfaceMembers>
						<gml:Polygon srsName="EPSG:4326" gml:id="VGT_S10_V2KRNS10__20070501E_PO">
							<gml:exterior>
								<gml:LinearRing>
									<gml:posList>38 -26 38 60 -35 60 -35 -26  38 -26</gml:posList>
								</gml:LinearRing>
							</gml:exterior>
						</gml:Polygon>
					</gml:surfaceMembers>
				</gml:MultiSurface>
			</eop:multiExtentOf>
			<eop:centerOf>
				<gml:Point gml:id="VGT_S10_V2KRNS10__20070501E_CP">
					<gml:pos>1.5 17.0</gml:pos>
				</gml:Point>
			</eop:centerOf>
			<gml:locationName>Africa</gml:locationName>
		</ssp:Footprint>
	</om:featureOfInterest>
	<om:result>
		<ssp:EarthObservationResult gml:id="VGT_S10_V2KRNS10__20070501E_RE">
		<eop:browse>
				<eop:BrowseInformation>
					<eop:type>QUICKLOOK</eop:type>
					<eop:referenceSystemIdentifier codeSpace=""/>
					<eop:fileName>
						<ows:ServiceReference xlink:href="http://193.74.120.108/schemas/PREV_2_20040101S10_NDVI_47_125829.jpg">
							<ows:RequestMessage/>
						</ows:ServiceReference>
					</eop:fileName>
				</eop:BrowseInformation>
			</eop:browse>
			<eop:product>
				<eop:ProductInformation>
					<eop:referenceSystemIdentifier codeSpace="EPSG">4326</eop:referenceSystemIdentifier>
					<eop:fileName>
						<ows:ServiceReference xlink:href="http://ssews1.esrin.esa.int/wcseo/ows?service=wcs&amp;version=2.0.0&amp;request=GetCoverage&amp;format=image/tiff&amp;CoverageId=V2KRNS10__20070501&amp;subset=Lat,http://www.opengis.net/def/crs/EPSG/0/4326(34.8353919982910156, 38.3665351867675781)&amp;subset=Long,http://www.opengis.net/def/crs/EPSG/0/4326(13.2034435272216797,16.0530509948730469)">
							<ows:RequestMessage/>
						</ows:ServiceReference>
					</eop:fileName>
					<eop:size uom="MB">748.202</eop:size>
			</eop:ProductInformation>
			</eop:product>
			<eop:mask>
				<eop:MaskInformation>
					<eop:type>SNOW</eop:type>
					<eop:format>RASTER</eop:format>
					<eop:fileName>
						<ows:ServiceReference xlink:href="http://xxxx/x/20070511/THUMB_VGT_S10_V2KRNS10__20070501_SNOW.jpg">
							<ows:RequestMessage/>
						</ows:ServiceReference>
					</eop:fileName>
				</eop:MaskInformation>
			</eop:mask>
			<eop:mask>
				<eop:MaskInformation>
					<eop:type>CLOUD</eop:type>
					<eop:format>RASTER</eop:format>
					<eop:fileName>
						<ows:ServiceReference xlink:href="http://xxxx/x/20070511/THUMB_VGT_S10_V2KRNS10__20070501_CLOUD.jpg">
							<ows:RequestMessage/>
						</ows:ServiceReference>
					</eop:fileName>
				</eop:MaskInformation>
			</eop:mask>
<eop:coverage xlink:href="http://ssews1.esrin.esa.int/wcseo/ows?service=wcs&amp;version=2.0.0&amp;request=DescribeCoverage&amp;CoverageId=V2KRNS10__20070501"></eop:coverage>	
<ssp:cloudCoverPercentage uom="%">9</ssp:cloudCoverPercentage>
<ssp:snowCoverPercentage uom="%">9</ssp:snowCoverPercentage>
</ssp:EarthObservationResult>
	</om:result>
	<eop:metaDataProperty>
		<ssp:EarthObservationMetaData>
			<eop:identifier>urn:ogc:def:EOP:VITO:VGT_S10:V2KRNS10__20070501E</eop:identifier>
			<eop:parentIdentifier>urn:ogc:def:EOP:VGT_S10</eop:parentIdentifier>
			<eop:acquisitionType>NOMINAL</eop:acquisitionType>
			<eop:productType>S10</eop:productType>
			<eop:status>ARCHIVED</eop:status>
			<eop:downlinkedTo>
				<eop:DownlinkInformation>
					<eop:acquisitionStation>KIRUNA</eop:acquisitionStation>
				</eop:DownlinkInformation>
			</eop:downlinkedTo>
			<eop:archivedIn>
				<eop:ArchivingInformation>
					<eop:archivingCenter codeSpace="urn:eop:PHR:stationCode">VITO:CVB</eop:archivingCenter>
					<eop:archivingDate>2007-06-11T00:00:00.0</eop:archivingDate>
				</eop:ArchivingInformation>
			</eop:archivedIn>
			<eop:composedOf/>
			<eop:processing>
				<eop:ProcessingInformation>
					<eop:processingCenter>VITO:CVB:VGT</eop:processingCenter>
					<eop:compositeType>P10D</eop:compositeType>
					<eop:nativeProductFormat>HDF</eop:nativeProductFormat>
				</eop:ProcessingInformation>
			</eop:processing>
			<eop:processing>
				<eop:ProcessingInformation>
					<eop:method>CLOUDCOVER</eop:method>
					<eop:processorName>CTIV_CLOUD_COVER</eop:processorName>
					<eop:processorVersion>V2.0</eop:processorVersion>
					<eop:nativeProductFormat>HDF</eop:nativeProductFormat>
				</eop:ProcessingInformation>
			</eop:processing>
			<eop:processing>
				<eop:ProcessingInformation>
					<eop:method>SNOWICECOVER</eop:method>
					<eop:processorName>CTIV_SNOW_ICE_COVER</eop:processorName>
					<eop:processorVersion>V2.0</eop:processorVersion>
				</eop:ProcessingInformation>
			</eop:processing>
			<eop:processing>
				<eop:ProcessingInformation>
					<eop:method> ATMOSPHERICCORRECTION</eop:method>
					<eop:processorName>CTIV_SMAC</eop:processorName>
					<eop:processorVersion>V4.0</eop:processorVersion>
				</eop:ProcessingInformation>
			</eop:processing>
			<eop:processing>
				<eop:ProcessingInformation>
					<eop:method>SYNTHESIS</eop:method>
					<eop:processorName>CTIV_SYNTHESIS</eop:processorName>
					<eop:processorVersion>V1.0</eop:processorVersion>
				</eop:ProcessingInformation>
			</eop:processing>
			<ssp:derivedFrom xlink:href="V220070501059"></ssp:derivedFrom>
			<ssp:derivedFrom xlink:href="V220070501060"></ssp:derivedFrom>
			<ssp:derivedFrom xlink:href="V220070501061"></ssp:derivedFrom>
			<ssp:derivedFrom xlink:href="V220070501063"></ssp:derivedFrom>
			<ssp:derivedFrom xlink:href="V220070502094"></ssp:derivedFrom>
		<ssp:nominalDate>2007-05-01</ssp:nominalDate>
				</ssp:EarthObservationMetaData>
	</eop:metaDataProperty>
</ssp:EarthObservation>
